# openTime,open,high,low,close,volume,closeTime,qouteAssetVolume,numberOfTrades,takerBuyBaseAssetVolume,takerBuyQuoteAssetVolume,ignore
1603220400000, 11964.58000000, 11981.20000000, 11881.00000000, 11912.35000000, 2744.14457800, 1603223999999, 32742666.68809432, 39342, 1126.57586900, 13442658.73731057, 0
1603224000000, 11912.42000000, 11912.79000000, 11855.00000000, 11897.92000000, 2523.73134200, 1603227599999, 29989751.45520945, 39583, 1251.68494000, 14872868.66894053, 0
1603227600000, 11897.92000000, 11937.73000000, 11877.49000000, 11922.53000000, 1409.94290900, 1603231199999, 16790213.05081999, 28867, 642.18810300, 7647593.83831250, 0
1603231200000, 11922.53000000, 11961.00000000, 11918.22000000, 11950.66000000, 1270.09225000, 1603234799999, 15160673.37784566, 27532, 603.06308600, 7199003.45851949, 0
1603234800000, 11950.66000000, 11961.16000000, 11885.00000000, 11909.99000000, 1551.69178600, 1603238399999, 18500404.32793637, 24948, 757.03146400, 9026310.95767456, 0
1603238400000, 11910.00000000, 11983.73000000, 11886.95000000, 11975.55000000, 1964.29615800, 1603241999999, 23456387.54317901, 30285, 925.42385900, 11054024.42600187, 0
1603242000000, 11975.85000000, 12017.03000000, 11949.62000000, 11988.26000000, 2745.56754900, 1603245599999, 32915483.27823655, 36200, 1291.46486600, 15485452.77189125, 0
1603245600000, 11988.08000000, 12130.45000000, 11970.00000000, 12120.51000000, 4335.93090500, 1603249199999, 52244213.99601950, 45445, 2655.73462500, 32011189.33957220, 0
1603249200000, 12120.52000000, 12240.00000000, 12120.52000000, 12182.31000000, 6863.19422800, 1603252799999, 83623826.84489671, 74171, 3842.92550300, 46818337.09412849, 0
1603252800000, 12182.30000000, 12295.00000000, 12169.16000000, 12267.97000000, 4085.63024300, 1603256399999, 50004528.88975282, 50028, 2279.66567500, 27905680.01322288, 0
1603256400000, 12267.97000000, 12275.00000000, 12197.47000000, 12229.08000000, 2905.54970400, 1603259999999, 35562591.14052787, 38941, 1551.69460700, 18993594.74317145, 0
1603260000000, 12229.07000000, 12280.00000000, 12205.85000000, 12232.76000000, 2647.08579100, 1603263599999, 32422017.69153859, 34819, 1186.50377100, 14533303.86140453, 0
1603263600000, 12232.77000000, 12247.54000000, 12122.63000000, 12198.15000000, 3645.67514700, 1603267199999, 44447319.73328377, 46841, 1775.48900000, 21644480.19064716, 0
1603267200000, 12198.14000000, 12205.00000000, 12137.32000000, 12149.06000000, 2535.32777300, 1603270799999, 30858056.89737087, 38319, 1290.83320100, 15712694.50865911, 0
1603270800000, 12149.05000000, 12201.45000000, 12129.72000000, 12195.01000000, 2242.89087300, 1603274399999, 27323045.07881512, 33144, 1043.59182500, 12712848.91304239, 0
1603274400000, 12195.00000000, 12255.00000000, 12193.74000000, 12216.81000000, 2467.29717000, 1603277999999, 30156404.32617101, 32450, 1427.32094400, 17441785.08798332, 0
1603278000000, 12216.81000000, 12379.00000000, 12180.00000000, 12335.00000000, 4354.71264700, 1603281599999, 53479204.22537575, 53307, 2425.27176200, 29795429.28412635, 0
1603281600000, 12334.36000000, 12438.68000000, 12275.58000000, 12410.05000000, 5913.03464300, 1603285199999, 73066898.79578440, 72743, 2854.74027500, 35286111.57836427, 0
1603285200000, 12410.04000000, 12488.00000000, 12357.56000000, 12475.83000000, 5385.80011600, 1603288799999, 66892971.94018437, 68786, 2550.61440400, 31688049.78715871, 0
1603288800000, 12476.04000000, 12840.00000000, 12423.73000000, 12730.01000000, 11257.29074300, 1603292399999, 142477230.97952515, 137135, 6147.28905600, 77760610.28585200, 0
1603292400000, 12730.01000000, 12743.26000000, 12582.10000000, 12735.00000000, 5123.44185400, 1603295999999, 65028807.13388942, 73648, 2591.66506600, 32897148.81477990, 0
1603296000000, 12735.00000000, 12899.99000000, 12717.01000000, 12824.35000000, 8595.99498100, 1603299599999, 110201161.34165246, 84338, 4084.02528400, 52358576.50163875, 0
1603299600000, 12824.34000000, 12856.38000000, 12706.31000000, 12760.17000000, 4356.98858600, 1603303199999, 55761642.55392880, 51920, 2114.90343700, 27063427.89017371, 0
1603303200000, 12760.17000000, 12801.65000000, 12680.36000000, 12761.61000000, 3069.97663600, 1603306799999, 39146454.67463981, 36173, 1323.12029900, 16873557.86331863, 0
1603306800000, 12761.61000000, 12794.07000000, 12617.48000000, 12680.75000000, 3675.44733300, 1603310399999, 46747104.28270648, 44684, 1650.80772700, 20997866.51959993, 0
1603310400000, 12680.74000000, 12839.94000000, 12669.98000000, 12835.49000000, 2572.86077900, 1603313999999, 32787681.91507771, 34901, 1375.31265900, 17526849.79269410, 0
1603314000000, 12835.49000000, 12975.00000000, 12761.19000000, 12910.57000000, 4415.93518100, 1603317599999, 56884549.00934912, 97954, 2416.29410800, 31135426.12897536, 0
1603317600000, 12910.57000000, 13200.00000000, 12890.50000000, 13198.50000000, 8431.71422500, 1603321199999, 110049926.72295859, 101163, 4615.75975600, 60248375.60554611, 0
1603321200000, 13198.51000000, 13217.68000000, 12640.27000000, 12780.96000000, 10992.81350200, 1603324799999, 141584677.63913160, 136225, 5613.22004700, 72329828.27884332, 0
1603324800000, 12780.75000000, 12940.00000000, 12763.22000000, 12905.01000000, 4020.00921500, 1603328399999, 51764888.44316020, 52840, 1750.84988900, 22540598.96057664, 0
1603328400000, 12905.01000000, 12906.49000000, 12846.78000000, 12847.90000000, 1986.23916400, 1603331999999, 25577201.37560717, 32129, 824.53859100, 10618396.20456758, 0
1603332000000, 12847.91000000, 12863.16000000, 12684.30000000, 12793.59000000, 2364.38705500, 1603335599999, 30203769.09277077, 36198, 1011.68664200, 12925527.10326409, 0
1603335600000, 12793.59000000, 12809.19000000, 12714.28000000, 12718.26000000, 1537.49811800, 1603339199999, 19630702.96583726, 24799, 674.62621000, 8614722.50576459, 0
1603339200000, 12718.26000000, 12800.00000000, 12678.08000000, 12752.50000000, 2159.60074900, 1603342799999, 27507203.31911073, 36887, 1100.93180700, 14025350.06743881, 0
1603342800000, 12752.49000000, 12792.99000000, 12700.10000000, 12762.07000000, 1947.67969400, 1603346399999, 24843506.28842168, 28601, 881.83688000, 11250410.38649714, 0
1603346400000, 12762.07000000, 12823.67000000, 12755.14000000, 12810.82000000, 1885.53378300, 1603349999999, 24125930.84547840, 29225, 922.13731000, 11799520.33160152, 0
1603350000000, 12810.50000000, 12810.50000000, 12722.29000000, 12751.55000000, 1932.01236200, 1603353599999, 24669049.10858158, 30428, 855.88598000, 10928090.22732751, 0
1603353600000, 12751.54000000, 12850.00000000, 12736.26000000, 12809.88000000, 2315.50425000, 1603357199999, 29661899.49167182, 35527, 1196.44879900, 15327186.21167972, 0
1603357200000, 12809.88000000, 12900.00000000, 12700.00000000, 12873.63000000, 3695.56477100, 1603360799999, 47395007.16077352, 57559, 1746.16070600, 22395094.01118202, 0
1603360800000, 12873.62000000, 12979.16000000, 12846.44000000, 12959.79000000, 3665.96252900, 1603364399999, 47408454.71518197, 52485, 1835.56977800, 23738449.63076052, 0
1603364400000, 12959.80000000, 13024.52000000, 12917.00000000, 12967.01000000, 3811.01843800, 1603367999999, 49450874.99261716, 53667, 2025.26530300, 26284834.43038986, 0
1603368000000, 12967.01000000, 12970.02000000, 12801.00000000, 12850.00000000, 3407.19122500, 1603371599999, 43861206.86012106, 55115, 1597.12514400, 20557026.04708656, 0
1603371600000, 12850.00000000, 12964.10000000, 12837.98000000, 12921.50000000, 3137.52645100, 1603375199999, 40531772.10822557, 44160, 1409.34081700, 18205392.77683956, 0
1603375200000, 12921.49000000, 12928.60000000, 12840.19000000, 12925.13000000, 2854.93301300, 1603378799999, 36792602.48313187, 40416, 1211.66867700, 15615730.00998572, 0
1603378800000, 12925.04000000, 12975.58000000, 12903.55000000, 12930.00000000, 2554.61724300, 1603382399999, 33043454.74425723, 38336, 1359.23014600, 17581910.46114064, 0
1603382400000, 12930.00000000, 13070.07000000, 12915.22000000, 13041.75000000, 3921.60925200, 1603385999999, 50917301.48451929, 58825, 2123.60395300, 27573970.40357384, 0
1603386000000, 13041.75000000, 13074.00000000, 12940.00000000, 13046.96000000, 4122.34191800, 1603389599999, 53703078.59546529, 50439, 1864.69420300, 24295062.12509635, 0
1603389600000, 13046.97000000, 13062.18000000, 13001.70000000, 13042.48000000, 2435.81452500, 1603393199999, 31755866.83450810, 36388, 1029.95501500, 13428646.04315887, 0
1603393200000, 13042.49000000, 13150.00000000, 13021.00000000, 13072.48000000, 4237.38531300, 1603396799999, 55487469.68761812, 51289, 2137.91351900, 27995395.45968474, 0
1603396800000, 13072.47000000, 13174.00000000, 13072.47000000, 13104.11000000, 2631.02261200, 1603400399999, 34538366.77475447, 37684, 1289.24277900, 16924059.54661156, 0
1603400400000, 13104.11000000, 13147.27000000, 12915.00000000, 13132.55000000, 2796.61469900, 1603403999999, 36549185.50086871, 59706, 1386.51801700, 18110292.10784735, 0
1603404000000, 13132.54000000, 13185.00000000, 13002.22000000, 13009.48000000, 2956.83669800, 1603407599999, 38788575.92098739, 42683, 1376.97705800, 18067833.65079591, 0
1603407600000, 13009.48000000, 13063.79000000, 12933.18000000, 12968.52000000, 3661.92106700, 1603411199999, 47571520.07662129, 50425, 1647.28782100, 21400251.31605408, 0
1603411200000, 12968.84000000, 12971.00000000, 12831.13000000, 12911.48000000, 3601.57742600, 1603414799999, 46456129.18720698, 47591, 1821.88442700, 23498589.78031596, 0
1603414800000, 12911.47000000, 12942.67000000, 12884.59000000, 12904.19000000, 1581.83284000, 1603418399999, 20424436.57803378, 21338, 922.67052300, 11911673.28883076, 0
1603418400000, 12904.19000000, 12991.65000000, 12881.89000000, 12985.00000000, 1645.47328600, 1603421999999, 21298294.79250154, 24455, 831.66164000, 10764335.53409135, 0
1603422000000, 12984.99000000, 13002.33000000, 12950.00000000, 12960.01000000, 1477.69690800, 1603425599999, 19165731.79162107, 21228, 739.33176600, 9589214.23952125, 0
1603425600000, 12960.02000000, 12976.25000000, 12914.17000000, 12919.31000000, 1573.82095700, 1603429199999, 20367395.81981997, 19852, 622.35590900, 8053623.45550810, 0
1603429200000, 12919.26000000, 12989.64000000, 12906.47000000, 12988.01000000, 1654.52466100, 1603432799999, 21442384.89645785, 22426, 798.12986200, 10343567.03825375, 0
1603432800000, 12988.00000000, 12990.00000000, 12863.72000000, 12877.31000000, 2023.27438300, 1603436399999, 26148417.97543630, 28046, 812.41479900, 10498280.87155431, 0
1603436400000, 12877.31000000, 12922.96000000, 12862.82000000, 12883.62000000, 1964.32483300, 1603439999999, 25327677.28753754, 25313, 979.02342000, 12622482.12822683, 0
1603440000000, 12883.61000000, 12958.51000000, 12851.11000000, 12917.44000000, 2268.77692000, 1603443599999, 29314601.93281979, 33889, 1130.49100500, 14606856.68577239, 0
1603443600000, 12917.45000000, 12997.65000000, 12910.00000000, 12945.20000000, 2121.22607600, 1603447199999, 27470585.08332316, 28119, 1094.63538800, 14177662.93542626, 0
1603447200000, 12945.21000000, 13027.69000000, 12944.83000000, 13015.02000000, 2806.25134500, 1603450799999, 36439460.62035918, 32939, 1448.58953200, 18809111.50495977, 0
1603450800000, 13015.03000000, 13026.59000000, 12957.00000000, 12968.96000000, 2503.53475200, 1603454399999, 32545338.81570887, 30332, 1199.81145500, 15597309.39195543, 0
1603454400000, 12968.96000000, 12979.89000000, 12931.17000000, 12974.01000000, 1521.51830300, 1603457999999, 19712374.03029812, 21936, 729.05175900, 9445374.23604576, 0
1603458000000, 12974.00000000, 13012.06000000, 12946.90000000, 12952.75000000, 2050.72083500, 1603461599999, 26625025.73585646, 26436, 1134.57360700, 14731615.99627322, 0
1603461600000, 12953.43000000, 12961.61000000, 12902.41000000, 12932.08000000, 2409.86273500, 1603465199999, 31178310.68788060, 33770, 1351.13160400, 17482605.09522786, 0
1603465200000, 12931.68000000, 12960.00000000, 12890.85000000, 12921.09000000, 1992.05833600, 1603468799999, 25752413.15445851, 28181, 1025.32710100, 13256323.09068591, 0
1603468800000, 12921.10000000, 12950.72000000, 12720.08000000, 12788.19000000, 5507.93941300, 1603472399999, 70579363.01220720, 69629, 2474.21282400, 31703596.25325210, 0
1603472400000, 12788.19000000, 12870.00000000, 12735.08000000, 12785.92000000, 2360.19167500, 1603475999999, 30186175.63506741, 31354, 1219.00395100, 15594439.47562298, 0
1603476000000, 12785.92000000, 12875.61000000, 12785.92000000, 12852.97000000, 1630.57483900, 1603479599999, 20933826.15582287, 23340, 746.53331900, 9584259.98290644, 0
1603479600000, 12852.97000000, 12919.00000000, 12839.12000000, 12918.99000000, 1794.68419400, 1603483199999, 23107983.01731192, 27162, 759.50444100, 9779961.03271707, 0
1603483200000, 12919.02000000, 12941.33000000, 12884.28000000, 12927.60000000, 1754.56838300, 1603486799999, 22659129.79965993, 26383, 763.90063500, 9866909.28779215, 0
1603486800000, 12928.81000000, 12933.15000000, 12868.01000000, 12904.83000000, 1335.25664000, 1603490399999, 17227493.56654239, 27707, 661.34363500, 8532168.31170258, 0
1603490400000, 12904.83000000, 12942.92000000, 12891.39000000, 12934.53000000, 1218.46603500, 1603493999999, 15748516.72318751, 21775, 568.27628800, 7345054.55588712, 0
1603494000000, 12934.53000000, 12974.00000000, 12920.67000000, 12923.07000000, 1588.84406600, 1603497599999, 20569172.81102791, 26112, 852.06660500, 11032698.02567141, 0
1603497600000, 12923.06000000, 12931.54000000, 12870.00000000, 12905.82000000, 1202.78610700, 1603501199999, 15525232.38166025, 21623, 498.98626200, 6440920.85504250, 0
1603501200000, 12905.82000000, 12973.74000000, 12902.81000000, 12963.76000000, 1301.47403900, 1603504799999, 16851402.48299970, 22100, 649.79167400, 8413498.65514478, 0
1603504800000, 12963.76000000, 12989.00000000, 12946.93000000, 12989.00000000, 1316.08886800, 1603508399999, 17072182.35940137, 17686, 783.74920600, 10167278.39152847, 0
1603508400000, 12989.00000000, 13011.16000000, 12955.43000000, 12967.74000000, 1266.72732800, 1603511999999, 16453769.42014885, 17834, 729.62816800, 9479158.36836814, 0
1603512000000, 12967.74000000, 13000.00000000, 12949.90000000, 12966.32000000, 1180.18204400, 1603515599999, 15314295.59434659, 16325, 618.51281000, 8026228.50943718, 0
1603515600000, 12966.32000000, 12974.00000000, 12932.25000000, 12964.71000000, 861.82886600, 1603519199999, 11163809.06471342, 13861, 430.87674700, 5581171.21156633, 0
1603519200000, 12964.81000000, 12979.42000000, 12944.00000000, 12946.76000000, 1119.50437000, 1603522799999, 14508467.13781795, 18308, 538.63788700, 6980914.91909827, 0
1603522800000, 12946.76000000, 12973.34000000, 12914.17000000, 12924.79000000, 1253.89417900, 1603526399999, 16234132.30358437, 18087, 647.72608400, 8387568.89623474, 0
1603526400000, 12924.79000000, 12948.63000000, 12906.53000000, 12931.00000000, 1218.58777100, 1603529999999, 15752819.12430033, 19587, 584.27504100, 7552579.98470182, 0
1603530000000, 12931.00000000, 12956.89000000, 12906.42000000, 12949.56000000, 1138.36842500, 1603533599999, 14725340.22149960, 17554, 614.05110100, 7944457.69976864, 0
1603533600000, 12949.57000000, 12990.26000000, 12923.91000000, 12977.09000000, 1507.76895300, 1603537199999, 19548736.40282823, 19742, 831.05545600, 10776437.57177682, 0
1603537200000, 12977.09000000, 12999.00000000, 12958.25000000, 12990.90000000, 1311.06654400, 1603540799999, 17019499.73123265, 17418, 653.81475300, 8487649.73269314, 0
1603540800000, 12990.90000000, 12999.00000000, 12966.80000000, 12976.66000000, 1131.51500800, 1603544399999, 14689624.33613503, 17346, 603.04050100, 7829383.64780248, 0
1603544400000, 12976.67000000, 12997.00000000, 12962.83000000, 12989.30000000, 1192.79552900, 1603547999999, 15485639.95391907, 16353, 592.66960700, 7694910.64106694, 0
1603548000000, 12989.30000000, 13090.00000000, 12930.00000000, 13067.01000000, 4253.26588600, 1603551599999, 55398566.93392078, 55212, 2282.93775800, 29734559.25431787, 0
1603551600000, 13067.01000000, 13166.73000000, 13067.01000000, 13100.00000000, 4398.43478200, 1603555199999, 57718628.30009483, 51744, 2375.59705300, 31171322.67002412, 0
1603555200000, 13100.00000000, 13124.30000000, 13025.42000000, 13076.94000000, 2257.02993400, 1603558799999, 29496477.45815377, 32299, 1050.56226600, 13730126.30777815, 0
1603558800000, 13076.95000000, 13144.51000000, 13076.20000000, 13126.53000000, 1775.96425500, 1603562399999, 23293820.21668049, 27408, 976.61151000, 12809069.00063614, 0
1603562400000, 13126.54000000, 13130.00000000, 13080.00000000, 13103.66000000, 1117.58541300, 1603565999999, 14651437.25683819, 21611, 568.63712800, 7454705.02331252, 0
1603566000000, 13103.81000000, 13130.00000000, 13072.81000000, 13118.24000000, 1138.90739600, 1603569599999, 14922212.63900615, 17066, 495.98593600, 6499575.39801431, 0
1603569600000, 13118.24000000, 13129.00000000, 13083.35000000, 13091.80000000, 1255.48655300, 1603573199999, 16453482.39816262, 20494, 610.99361600, 8007471.60444754, 0
1603573200000, 13091.87000000, 13126.58000000, 13031.46000000, 13059.32000000, 1219.12856400, 1603576799999, 15957809.38550842, 28342, 556.88707100, 7290361.01329047, 0
1603576800000, 13059.77000000, 13090.00000000, 13035.73000000, 13068.53000000, 901.59949300, 1603580399999, 11784492.42500535, 16602, 382.31890500, 4997148.62802410, 0
1603580400000, 13068.54000000, 13118.35000000, 13065.50000000, 13111.73000000, 632.21876300, 1603583999999, 8277644.24170730, 12219, 305.39803900, 3998880.10718115, 0
1603584000000, 13111.73000000, 13135.00000000, 13067.39000000, 13131.67000000, 1054.79347300, 1603587599999, 13825338.54033733, 19961, 545.50887100, 7151043.32647052, 0
1603587600000, 13131.68000000, 13166.73000000, 13111.83000000, 13138.84000000, 1179.64593700, 1603591199999, 15497735.17467484, 20727, 599.47540600, 7876406.86088080, 0
1603591200000, 13138.84000000, 13159.35000000, 13117.10000000, 13127.36000000, 880.07547300, 1603594799999, 11561337.23540767, 14963, 389.38793900, 5115049.19967411, 0
1603594800000, 13127.36000000, 13350.00000000, 13127.35000000, 13295.50000000, 4406.16732200, 1603598399999, 58445279.96553683, 56863, 2634.09901600, 34921929.87660410, 0
1603598400000, 13295.50000000, 13343.20000000, 13215.00000000, 13311.81000000, 2576.62208100, 1603601999999, 34271286.02453033, 39066, 1199.00584800, 15948402.18192350, 0
1603602000000, 13311.80000000, 13311.80000000, 12888.00000000, 12954.56000000, 5623.36598700, 1603605599999, 73404425.73097610, 69839, 2339.05185000, 30531487.26225648, 0
1603605600000, 12954.55000000, 13049.99000000, 12926.98000000, 13013.36000000, 2483.49881800, 1603609199999, 32288380.18943923, 45957, 1153.41173000, 14995864.61367512, 0
1603609200000, 13013.37000000, 13035.57000000, 12991.92000000, 13027.24000000, 1206.65585400, 1603612799999, 15708279.48557837, 22843, 490.15856600, 6380717.57743214, 0
1603612800000, 13027.24000000, 13027.93000000, 12944.00000000, 13018.94000000, 1665.09014100, 1603616399999, 21636730.54990860, 26413, 783.25096400, 10177628.45237804, 0
1603616400000, 13018.95000000, 13019.72000000, 12970.70000000, 12993.01000000, 1318.18112800, 1603619999999, 17128677.01225250, 20391, 534.25583500, 6942397.51533500, 0
1603620000000, 12993.01000000, 13001.00000000, 12926.57000000, 12982.00000000, 1612.91452400, 1603623599999, 20915179.48486251, 23526, 705.47254300, 9148284.56597096, 0
1603623600000, 12982.00000000, 12982.01000000, 12895.09000000, 12951.73000000, 2021.36586000, 1603627199999, 26142846.11139815, 28668, 790.83502100, 10228561.05969562, 0
1603627200000, 12951.73000000, 12990.00000000, 12934.21000000, 12972.35000000, 1192.72076400, 1603630799999, 15473212.73022475, 18792, 585.52546400, 7596219.27217567, 0
1603630800000, 12972.34000000, 13016.18000000, 12950.04000000, 12983.23000000, 1104.97679600, 1603634399999, 14350716.57165356, 18783, 521.40908400, 6772855.28137223, 0
1603634400000, 12983.22000000, 13003.57000000, 12969.97000000, 12985.98000000, 894.12039200, 1603637999999, 11611967.57308279, 14388, 431.59081700, 5604977.00006122, 0
1603638000000, 12985.99000000, 13002.41000000, 12932.00000000, 12940.74000000, 1139.78032300, 1603641599999, 14785391.35468076, 20465, 531.75308000, 6899189.22914503, 0
1603641600000, 12940.51000000, 13000.00000000, 12910.54000000, 12999.99000000, 1290.95611400, 1603645199999, 16749823.83018400, 24288, 674.29529600, 8748379.03145385, 0
1603645200000, 12999.99000000, 13042.94000000, 12988.80000000, 13001.98000000, 1205.45002300, 1603648799999, 15685616.34830788, 20319, 604.78858400, 7869036.40849118, 0
1603648800000, 13001.99000000, 13044.00000000, 12945.00000000, 12985.58000000, 1003.25202100, 1603652399999, 13025691.50825155, 18651, 522.52898100, 6785648.83064208, 0
1603652400000, 12985.59000000, 13046.51000000, 12980.07000000, 13042.16000000, 1085.79407100, 1603655999999, 14127332.77378418, 19134, 551.44719500, 7175521.83667297, 0
1603656000000, 13042.17000000, 13047.80000000, 13014.92000000, 13020.58000000, 890.93872100, 1603659599999, 11610944.86801471, 16150, 357.48738900, 4659103.12381086, 0
1603659600000, 13020.58000000, 13035.98000000, 12993.72000000, 13023.95000000, 792.02786000, 1603663199999, 10312141.30782100, 19378, 306.28573400, 3987778.82629722, 0
1603663200000, 13023.94000000, 13023.96000000, 12981.20000000, 13011.97000000, 1040.59251300, 1603666799999, 13528362.49833446, 17067, 407.29914300, 5294783.36721983, 0
1603666800000, 13011.97000000, 13041.29000000, 13007.81000000, 13028.83000000, 812.59330800, 1603670399999, 10585352.35980953, 13866, 330.44274400, 4304679.12749365, 0
1603670400000, 13029.64000000, 13049.99000000, 12971.00000000, 13049.22000000, 1389.20039200, 1603673999999, 18082244.95192101, 25996, 645.13875800, 8397966.76262154, 0
1603674000000, 13049.25000000, 13099.85000000, 13047.34000000, 13074.06000000, 1303.96321200, 1603677599999, 17048759.58618816, 22686, 665.85334000, 8705137.20545291, 0
1603677600000, 13074.06000000, 13120.00000000, 13056.83000000, 13087.70000000, 1265.14056100, 1603681199999, 16563227.62571336, 21212, 624.67973900, 8178080.88920243, 0
1603681200000, 13087.69000000, 13131.96000000, 13084.64000000, 13094.53000000, 1543.41317200, 1603684799999, 20224087.74670414, 23259, 803.45665700, 10528517.08629445, 0
1603684800000, 13094.33000000, 13140.67000000, 13046.80000000, 13109.33000000, 1429.81899600, 1603688399999, 18726858.73768947, 19905, 691.87405900, 9062534.98228873, 0
1603688400000, 13109.33000000, 13151.51000000, 13088.87000000, 13103.43000000, 1691.92681000, 1603691999999, 22201473.60262095, 19706, 818.02542700, 10736453.40481142, 0
1603692000000, 13103.43000000, 13112.26000000, 13055.80000000, 13078.06000000, 1387.75294300, 1603695599999, 18165358.39940751, 20893, 750.81228700, 9828641.93245561, 0
1603695600000, 13078.05000000, 13092.00000000, 13010.00000000, 13037.08000000, 1795.30360400, 1603699199999, 23443417.49153130, 24279, 923.25452400, 12055777.21584176, 0
1603699200000, 13037.08000000, 13086.00000000, 12930.00000000, 13054.38000000, 3168.80138800, 1603702799999, 41231909.96925746, 37870, 1630.26500500, 21215887.35638109, 0
1603702800000, 13054.37000000, 13103.81000000, 13047.75000000, 13086.72000000, 1300.33711700, 1603706399999, 17001344.98861470, 19892, 634.04658600, 8291142.62188418, 0
1603706400000, 13086.73000000, 13118.00000000, 13060.14000000, 13108.67000000, 1701.64083700, 1603709999999, 22264306.52269954, 23265, 817.35323200, 10696152.15706539, 0
1603710000000, 13108.66000000, 13180.00000000, 13108.27000000, 13145.00000000, 2691.55237400, 1603713599999, 35396308.90235621, 34332, 1389.09962000, 18267796.52982753, 0
1603713600000, 13145.01000000, 13161.18000000, 13091.00000000, 13138.54000000, 2397.88886600, 1603717199999, 31484073.52520979, 34939, 1171.21476300, 15379034.45693933, 0
1603717200000, 13138.53000000, 13238.81000000, 13118.83000000, 13204.06000000, 3650.81279700, 1603720799999, 48126116.45675517, 53512, 1938.73461800, 25558009.23106189, 0
1603720800000, 13204.05000000, 13230.00000000, 13131.00000000, 13167.17000000, 3220.82793400, 1603724399999, 42486518.75169030, 42809, 1461.95673200, 19286868.95328938, 0
1603724400000, 13167.17000000, 13168.60000000, 12900.00000000, 12978.41000000, 7253.47423800, 1603727999999, 94636082.13428573, 81537, 3215.42466900, 41972167.83633327, 0
1603728000000, 12978.40000000, 13043.01000000, 12780.00000000, 12844.52000000, 7668.13728300, 1603731599999, 99040380.75092924, 83451, 3703.59753300, 47839887.66011723, 0
1603731600000, 12845.31000000, 12928.37000000, 12765.00000000, 12875.03000000, 5533.99680800, 1603735199999, 71136927.28619587, 67841, 2616.07722600, 33627567.58792325, 0
1603735200000, 12875.03000000, 12977.60000000, 12855.00000000, 12963.25000000, 2865.24288700, 1603738799999, 37036038.31697448, 37021, 1442.54274200, 18643084.69220283, 0
1603738800000, 12963.24000000, 13008.17000000, 12920.70000000, 13004.50000000, 2206.79013600, 1603742399999, 28608703.56678501, 32108, 1132.25664600, 14682232.23874090, 0
1603742400000, 13004.49000000, 13055.60000000, 12987.00000000, 12996.08000000, 1840.60722000, 1603745999999, 23955566.50529301, 28556, 783.03776600, 10192353.67950278, 0
1603746000000, 12996.09000000, 13046.72000000, 12996.07000000, 13013.72000000, 1054.88828300, 1603749599999, 13743967.27724910, 24031, 493.20695500, 6425445.69930740, 0
1603749600000, 13013.72000000, 13043.21000000, 12983.26000000, 13043.21000000, 994.23521700, 1603753199999, 12941913.83898642, 17726, 457.95709800, 5961818.06090123, 0
1603753200000, 13043.21000000, 13086.42000000, 13033.50000000, 13052.19000000, 1595.91991100, 1603756799999, 20850135.51828758, 21318, 800.12871600, 10454096.41743558, 0
1603756800000, 13052.15000000, 13129.19000000, 13019.87000000, 13092.89000000, 2014.71430800, 1603760399999, 26371049.42386540, 26035, 1105.70638000, 14474314.79311120, 0
1603760400000, 13092.89000000, 13107.00000000, 13058.67000000, 13094.12000000, 1101.86303700, 1603763999999, 14411671.31431023, 16891, 432.82278400, 5660987.56264896, 0
1603764000000, 13094.12000000, 13125.44000000, 13054.37000000, 13071.89000000, 1354.58014700, 1603767599999, 17738827.93773557, 22577, 583.99806000, 7648032.79052612, 0
1603767600000, 13071.89000000, 13113.93000000, 13063.24000000, 13083.24000000, 1072.35786100, 1603771199999, 14033516.55544555, 18011, 551.91385600, 7221832.99143652, 0
1603771200000, 13083.24000000, 13125.00000000, 13083.24000000, 13124.60000000, 1100.81686200, 1603774799999, 14427544.65365991, 15977, 526.52643200, 6900141.52557137, 0
1603774800000, 13124.61000000, 13144.49000000, 13080.24000000, 13088.65000000, 1447.33648700, 1603778399999, 18969717.30878652, 19319, 586.53227200, 7688582.54993053, 0
1603778400000, 13088.66000000, 13106.09000000, 13061.01000000, 13106.09000000, 1555.64448300, 1603781999999, 20352011.10380545, 19284, 658.68697600, 8617089.48389188, 0
1603782000000, 13106.08000000, 13160.00000000, 13086.97000000, 13144.58000000, 2602.51501800, 1603785599999, 34166183.11770634, 26664, 1473.39759400, 19348596.32198882, 0
1603785600000, 13144.59000000, 13170.21000000, 13125.00000000, 13141.56000000, 2226.30927900, 1603789199999, 29270516.65810588, 33975, 1023.48489900, 13456344.25609851, 0
1603789200000, 13141.57000000, 13145.90000000, 13084.72000000, 13144.80000000, 2457.73998900, 1603792799999, 32234019.53570224, 31292, 1014.13720100, 13300572.44814436, 0
1603792800000, 13144.81000000, 13299.32000000, 13132.30000000, 13262.74000000, 4863.16542200, 1603796399999, 64333928.62763866, 54953, 2821.66828700, 37327065.74032192, 0
1603796400000, 13262.74000000, 13497.00000000, 13248.44000000, 13449.80000000, 9326.51485400, 1603799999999, 124851321.11971519, 93542, 5337.96252000, 71444117.15722826, 0
1603800000000, 13449.80000000, 13460.97000000, 13330.00000000, 13383.01000000, 4490.18923800, 1603803599999, 60170918.91155666, 58230, 2253.46867400, 30197333.93215168, 0
1603803600000, 13383.01000000, 13440.00000000, 13320.27000000, 13394.52000000, 3918.13511500, 1603807199999, 52476615.25300760, 49836, 1849.07579800, 24768444.77959823, 0
1603807200000, 13394.51000000, 13419.11000000, 13340.00000000, 13390.83000000, 2710.32042900, 1603810799999, 36285983.88941592, 35450, 1251.78879500, 16760605.90739161, 0
1603810800000, 13390.84000000, 13631.00000000, 13387.00000000, 13609.24000000, 7359.95678700, 1603814399999, 99449105.81718273, 73512, 3847.10007000, 51990881.08229723, 0
1603814400000, 13609.24000000, 13650.00000000, 13520.00000000, 13642.75000000, 6133.71378100, 1603817999999, 83327355.47971305, 69845, 3019.09229300, 41016579.76443145, 0
1603818000000, 13642.54000000, 13744.00000000, 13592.45000000, 13673.58000000, 5285.55695100, 1603821599999, 72207922.80166104, 59648, 2575.12180000, 35193662.57712309, 0
1603821600000, 13673.58000000, 13745.00000000, 13500.00000000, 13633.93000000, 5517.64025000, 1603825199999, 75175385.36444684, 67593, 2612.86698700, 35600293.36208913, 0
1603825200000, 13633.93000000, 13689.00000000, 13602.52000000, 13656.89000000, 2197.54583200, 1603828799999, 29975775.43812254, 31434, 839.89157900, 11457973.27151704, 0
1603828800000, 13656.90000000, 13710.63000000, 13570.00000000, 13602.52000000, 2797.94777100, 1603832399999, 38184960.72325912, 40546, 1143.85764600, 15611814.15091528, 0
1603832400000, 13602.53000000, 13745.00000000, 13595.55000000, 13692.58000000, 2096.60537800, 1603835999999, 28702733.57899141, 41679, 970.72308700, 13292641.03234140, 0
1603836000000, 13692.58000000, 13738.89000000, 13633.18000000, 13730.00000000, 2568.30311000, 1603839599999, 35166243.58697483, 39269, 1071.94825400, 14676690.15493235, 0
1603839600000, 13730.41000000, 13789.29000000, 13569.28000000, 13636.17000000, 4597.08160700, 1603843199999, 62931129.55030490, 57988, 2281.85434200, 31238008.10957803, 0
1603843200000, 13636.16000000, 13750.44000000, 13601.00000000, 13712.27000000, 2166.26571400, 1603846799999, 29663860.63124607, 31115, 999.83565800, 13686763.82015649, 0
1603846800000, 13712.27000000, 13750.00000000, 13651.89000000, 13716.87000000, 2169.57060200, 1603850399999, 29747763.55364301, 28715, 1060.20463600, 14536193.96440116, 0
1603850400000, 13716.87000000, 13859.48000000, 13671.50000000, 13839.99000000, 4204.57555500, 1603853999999, 57978242.40532298, 44843, 2120.47286700, 29253757.85063857, 0
1603854000000, 13840.00000000, 13845.73000000, 13695.00000000, 13779.99000000, 3469.87337100, 1603857599999, 47856489.12108567, 43345, 1362.19321600, 18785824.44817170, 0
1603857600000, 13780.00000000, 13825.00000000, 13713.00000000, 13743.59000000, 2485.42180200, 1603861199999, 34211409.22281916, 33305, 1181.35401900, 16264247.76755967, 0
1603861200000, 13743.59000000, 13771.14000000, 13676.91000000, 13728.45000000, 2668.00012300, 1603864799999, 36592987.63672581, 33718, 1193.87028400, 16373384.63319216, 0
1603864800000, 13728.45000000, 13778.50000000, 13700.59000000, 13709.37000000, 1935.85886300, 1603868399999, 26610047.30733665, 25727, 776.22059700, 10671101.03925089, 0
1603868400000, 13709.38000000, 13728.68000000, 13506.00000000, 13664.37000000, 5105.06508600, 1603871999999, 69607288.79973478, 58690, 2141.35763800, 29203508.90082828, 0
1603872000000, 13664.36000000, 13688.00000000, 13570.00000000, 13685.61000000, 2693.12289200, 1603875599999, 36722562.74446075, 47216, 1378.07755700, 18794242.89502734, 0
1603875600000, 13685.61000000, 13705.59000000, 13586.32000000, 13606.01000000, 2498.63600400, 1603879199999, 34102943.98325159, 36867, 1101.37562700, 15036187.94684267, 0
1603879200000, 13606.00000000, 13637.62000000, 13524.50000000, 13561.12000000, 3675.10254200, 1603882799999, 49940918.87459999, 54035, 1764.63616300, 23978365.30458246, 0
1603882800000, 13561.12000000, 13577.15000000, 13306.01000000, 13318.33000000, 8785.32754800, 1603886399999, 117971756.92598262, 103762, 4159.35659500, 55855654.55053096, 0
1603886400000, 13318.33000000, 13374.87000000, 13142.22000000, 13293.51000000, 7945.78772700, 1603889999999, 105374655.51382620, 95723, 3797.36798200, 50363309.12388577, 0
1603890000000, 13293.51000000, 13341.01000000, 13080.00000000, 13106.31000000, 6571.18175100, 1603893599999, 86983137.09019109, 79025, 2897.66226300, 38368589.25019536, 0
1603893600000, 13106.31000000, 13173.00000000, 12888.00000000, 13069.26000000, 10401.84927900, 1603897199999, 135634737.29929767, 119930, 4680.93086200, 61039187.11889865, 0
1603897200000, 13069.26000000, 13242.30000000, 13040.00000000, 13221.26000000, 5397.21361200, 1603900799999, 71062995.22959608, 65914, 2635.18220400, 34690443.48410583, 0
1603900800000, 13221.26000000, 13221.50000000, 13043.21000000, 13142.02000000, 5267.22515700, 1603904399999, 69192875.93421371, 64182, 2308.76215200, 30332317.16224954, 0
1603904400000, 13142.02000000, 13219.00000000, 13000.01000000, 13182.88000000, 4071.95489700, 1603907999999, 53419815.49750332, 59092, 1977.41562700, 25955663.53441782, 0
1603908000000, 13182.89000000, 13240.00000000, 13134.33000000, 13209.86000000, 2630.68599900, 1603911599999, 34695102.60028314, 40256, 1188.84705600, 15678119.36375202, 0
1603911600000, 13209.87000000, 13255.00000000, 13145.38000000, 13165.31000000, 3068.60104600, 1603915199999, 40519803.33676407, 44493, 1391.72295000, 18379582.66586835, 0
1603915200000, 13165.32000000, 13225.00000000, 13151.07000000, 13197.44000000, 1861.44556100, 1603918799999, 24551683.37198148, 31476, 852.46697500, 11242921.63601548, 0
1603918800000, 13197.45000000, 13212.46000000, 13100.00000000, 13195.00000000, 1431.33963700, 1603922399999, 18841650.13598013, 35472, 648.02157400, 8532036.35748012, 0
1603922400000, 13195.01000000, 13284.00000000, 13190.79000000, 13259.93000000, 2039.11100800, 1603925999999, 27010092.05619337, 30041, 894.62591700, 11850972.80384286, 0
1603926000000, 13259.94000000, 13307.35000000, 13237.29000000, 13266.40000000, 1897.34545000, 1603929599999, 25195133.72311759, 27569, 875.73185600, 11632841.25071524, 0
1603929600000, 13266.40000000, 13308.54000000, 13237.82000000, 13245.17000000, 2148.58216100, 1603933199999, 28516925.69666988, 31549, 933.11329400, 12384624.95640929, 0
1603933200000, 13245.17000000, 13300.00000000, 13167.00000000, 13284.09000000, 2032.49851300, 1603936799999, 26904181.32700867, 26627, 959.12889700, 12694394.22380872, 0
1603936800000, 13284.09000000, 13290.00000000, 13215.13000000, 13238.46000000, 1852.31475900, 1603940399999, 24535822.01744325, 20982, 1021.83708400, 13533587.17195658, 0
1603940400000, 13238.46000000, 13280.99000000, 13168.16000000, 13280.99000000, 1924.50502600, 1603943999999, 25445695.39093792, 24913, 872.74205800, 11538387.80744079, 0
1603944000000, 13280.98000000, 13299.00000000, 13234.34000000, 13235.94000000, 1904.69338800, 1603947599999, 25264629.96899916, 23666, 1050.32611300, 13928784.93065394, 0
1603947600000, 13235.95000000, 13291.82000000, 13235.95000000, 13284.83000000, 2327.25040100, 1603951199999, 30858254.91016587, 23579, 1456.71198300, 19312791.93979765, 0
1603951200000, 13284.84000000, 13326.39000000, 13244.96000000, 13278.72000000, 2834.69694700, 1603954799999, 37637298.17271354, 34516, 1831.86006000, 24317554.57712720, 0
1603954800000, 13278.72000000, 13290.80000000, 13120.88000000, 13138.87000000, 2827.27710600, 1603958399999, 37340610.94707993, 41003, 1231.77789400, 16270339.00451280, 0
1603958400000, 13138.87000000, 13188.15000000, 13081.00000000, 13123.96000000, 2561.36048600, 1603961999999, 33686854.78991054, 38553, 1136.08245500, 14941277.76436092, 0
1603962000000, 13123.96000000, 13208.77000000, 13120.00000000, 13190.11000000, 2498.11391500, 1603965599999, 32912903.93245316, 30912, 1185.37653200, 15616445.63572329, 0
1603965600000, 13190.10000000, 13199.00000000, 13041.18000000, 13097.51000000, 3266.69070700, 1603969199999, 42813062.32226662, 46243, 1623.03940000, 21265786.93178719, 0
1603969200000, 13097.51000000, 13171.86000000, 13050.00000000, 13052.06000000, 2482.83013600, 1603972799999, 32567166.57159837, 38800, 1245.75002100, 16342952.59897638, 0
1603972800000, 13051.68000000, 13145.36000000, 12920.77000000, 13130.30000000, 5729.35516100, 1603976399999, 74772630.06608088, 71117, 2935.93738100, 38342653.53157446, 0
1603976400000, 13131.03000000, 13250.00000000, 13093.87000000, 13232.00000000, 3655.72270800, 1603979999999, 48153366.07865900, 49704, 1853.71886100, 24418901.57586154, 0
1603980000000, 13232.00000000, 13481.56000000, 13226.45000000, 13427.02000000, 7578.94489400, 1603983599999, 101349786.86768976, 83354, 3598.42287800, 48119661.83989174, 0
1603983600000, 13427.01000000, 13473.00000000, 13356.74000000, 13436.95000000, 3944.38994200, 1603987199999, 52937665.02181895, 48161, 2019.98748200, 27111173.39744877, 0
1603987200000, 13436.94000000, 13612.11000000, 13395.99000000, 13543.66000000, 6043.66739500, 1603990799999, 81805633.51176210, 76360, 2962.35266600, 40094635.40218473, 0
1603990800000, 13543.65000000, 13642.91000000, 13506.28000000, 13584.11000000, 4351.42547400, 1603994399999, 59037135.41004582, 56603, 2307.08671700, 31306954.39689716, 0
1603994400000, 13584.12000000, 13632.68000000, 13488.00000000, 13557.67000000, 3506.10320500, 1603997999999, 47535070.42323818, 50963, 1595.14412900, 21627672.33878347, 0
1603998000000, 13557.67000000, 13585.57000000, 13492.50000000, 13492.51000000, 2622.28880000, 1604001599999, 35528384.84339284, 35706, 1185.27736000, 16059442.66894672, 0
1604001600000, 13492.50000000, 13527.40000000, 13420.00000000, 13479.86000000, 3506.30042400, 1604005199999, 47259448.11619551, 48369, 1653.51250000, 22286360.28558291, 0
1604005200000, 13479.86000000, 13549.91000000, 13423.73000000, 13513.09000000, 1669.50815300, 1604008799999, 22509706.16597994, 43774, 799.78352400, 10788794.93037176, 0
1604008800000, 13513.09000000, 13520.00000000, 13380.50000000, 13398.97000000, 1911.55707400, 1604012399999, 25718271.61827261, 33867, 882.94709300, 11878818.01875641, 0
1604012400000, 13398.98000000, 13488.37000000, 13395.21000000, 13455.70000000, 1692.52535700, 1604015999999, 22777444.69059181, 29112, 861.32927600, 11590433.42591356, 0
1604016000000, 13455.69000000, 13600.00000000, 13285.00000000, 13588.15000000, 4047.92607600, 1604019599999, 54472012.09888873, 50593, 2019.03497300, 27191474.03909807, 0
1604019600000, 13588.15000000, 13669.98000000, 13543.17000000, 13561.00000000, 3369.31665500, 1604023199999, 45832004.66438705, 41656, 1777.23526900, 24181127.01312315, 0
1604023200000, 13561.00000000, 13578.00000000, 13446.34000000, 13458.45000000, 2807.39642400, 1604026799999, 37971691.46209966, 43157, 1517.68956500, 20523650.95262449, 0
1604026800000, 13458.45000000, 13514.64000000, 13400.10000000, 13432.34000000, 2453.21810800, 1604030399999, 33026580.45072108, 39129, 1174.72814000, 15810234.88397493, 0
1604030400000, 13432.34000000, 13467.35000000, 13379.22000000, 13420.88000000, 1627.56651900, 1604033999999, 21856275.60960939, 28915, 810.75287200, 10887687.52845715, 0
1604034000000, 13420.87000000, 13497.74000000, 13174.52000000, 13181.57000000, 5255.34777800, 1604037599999, 70011138.31903455, 69112, 2223.99646500, 29638037.84420308, 0
1604037600000, 13181.56000000, 13293.80000000, 13146.48000000, 13201.99000000, 4678.13168300, 1604041199999, 61820810.81176295, 58268, 2275.08639400, 30074060.17001464, 0
1604041200000, 13201.99000000, 13261.22000000, 13115.00000000, 13218.96000000, 3618.57472100, 1604044799999, 47774614.29482620, 54170, 1841.29957800, 24311822.55879326, 0
1604044800000, 13218.96000000, 13338.85000000, 13188.91000000, 13242.48000000, 3603.38274500, 1604048399999, 47858033.15122537, 54075, 1760.91568800, 23389514.98967586, 0
1604048400000, 13242.49000000, 13298.43000000, 13147.66000000, 13277.05000000, 3228.07734500, 1604051999999, 42690843.48409362, 53788, 1496.52700800, 19796929.86424374, 0
1604052000000, 13277.04000000, 13338.96000000, 13210.86000000, 13301.62000000, 2822.14227400, 1604055599999, 37444952.23727478, 48292, 1284.09736200, 17038588.37599461, 0
1604055600000, 13301.61000000, 13369.47000000, 13246.81000000, 13347.79000000, 2480.60479000, 1604059199999, 33015967.42727318, 38834, 1285.65441700, 17112795.19925629, 0
1604059200000, 13347.80000000, 13363.73000000, 13275.00000000, 13328.81000000, 2493.64132700, 1604062799999, 33228661.43955625, 39164, 1198.88169500, 15977351.05418633, 0
1604062800000, 13328.81000000, 13341.99000000, 13221.35000000, 13263.30000000, 3052.49642200, 1604066399999, 40547391.23717916, 47266, 1441.33616200, 19145546.76963609, 0
1604066400000, 13263.29000000, 13365.52000000, 13253.21000000, 13351.67000000, 2705.79746300, 1604069999999, 36023589.34219051, 44674, 1221.26146400, 16262621.86861646, 0
1604070000000, 13351.67000000, 13550.00000000, 13351.31000000, 13549.98000000, 5088.46879400, 1604073599999, 68486303.56880854, 66578, 2549.72206600, 34315126.78481462, 0
1604073600000, 13549.60000000, 13582.00000000, 13492.36000000, 13522.27000000, 3476.50521400, 1604077199999, 47032320.08546343, 48620, 1658.04990000, 22428294.71670605, 0
1604077200000, 13522.18000000, 13569.00000000, 13462.41000000, 13518.25000000, 2295.10277600, 1604080799999, 31019655.28700938, 35186, 1079.77014200, 14593328.42819883, 0
1604080800000, 13518.26000000, 13553.80000000, 13488.50000000, 13524.51000000, 1675.46561700, 1604084399999, 22657514.50780737, 24973, 654.63786000, 8852802.46283549, 0
1604084400000, 13524.51000000, 13540.95000000, 13480.00000000, 13536.44000000, 1759.97131300, 1604087999999, 23777073.19904482, 20768, 886.03664500, 11968941.46109904, 0
1604088000000, 13536.44000000, 13666.66000000, 13510.00000000, 13625.92000000, 3427.63378600, 1604091599999, 46625931.24473246, 47184, 1936.81341700, 26347299.81148317, 0
1604091600000, 13625.94000000, 13638.29000000, 13466.00000000, 13547.45000000, 2112.02706700, 1604095199999, 28614156.76849338, 51580, 1043.13591900, 14133382.24498990, 0
1604095200000, 13547.45000000, 13600.00000000, 13529.00000000, 13553.09000000, 1144.79959300, 1604098799999, 15535487.80626144, 24645, 573.71207200, 7786123.33748250, 0
1604098800000, 13553.10000000, 13637.00000000, 13535.05000000, 13560.10000000, 1434.18439100, 1604102399999, 19495809.05976588, 29760, 728.21381700, 9900815.03406336, 0
1604102400000, 13560.10000000, 13648.00000000, 13511.45000000, 13615.06000000, 1793.38208700, 1604105999999, 24373853.89202386, 35661, 998.66103400, 13578103.78356723, 0
1604106000000, 13615.27000000, 13657.16000000, 13571.30000000, 13636.14000000, 1432.40558400, 1604109599999, 19511923.39730888, 25708, 715.86707100, 9754493.23958283, 0
1604109600000, 13636.15000000, 13740.00000000, 13559.74000000, 13611.72000000, 3013.52070400, 1604113199999, 41200396.76044074, 50060, 1624.21356000, 22214902.48316997, 0
1604113200000, 13611.71000000, 13621.95000000, 13411.50000000, 13491.54000000, 3014.72066700, 1604116799999, 40706892.00365534, 49240, 1360.21550100, 18367389.35569452, 0
1604116800000, 13491.55000000, 13518.66000000, 13452.50000000, 13516.16000000, 1020.09704400, 1604120399999, 13766735.77534344, 24517, 462.61743500, 6244381.35696284, 0
1604120400000, 13516.17000000, 13525.99000000, 13473.10000000, 13473.26000000, 880.24512400, 1604123999999, 11885144.01702996, 17595, 405.96036900, 5482059.62847144, 0
1604124000000, 13473.26000000, 13612.05000000, 13463.87000000, 13612.05000000, 1472.04087800, 1604127599999, 19925316.22316376, 31082, 876.51962400, 11864212.21402216, 0
1604127600000, 13612.05000000, 13613.87000000, 13550.73000000, 13576.14000000, 1192.67448900, 1604131199999, 16198078.24153707, 26345, 571.86204600, 7766542.42467657, 0
1604131200000, 13576.14000000, 13840.00000000, 13575.00000000, 13739.94000000, 7402.08027900, 1604134799999, 101695726.20448230, 91101, 3508.43383300, 48222691.47652051, 0
1604134800000, 13739.95000000, 13956.22000000, 13721.90000000, 13893.24000000, 6326.26160900, 1604138399999, 87476201.30107221, 71644, 4228.70556600, 58471528.45107736, 0
1604138400000, 13893.23000000, 14100.00000000, 13572.40000000, 13821.72000000, 13424.03742300, 1604141999999, 185779319.48981088, 143711, 7953.48953600, 109956716.19627487, 0
1604142000000, 13821.72000000, 13950.00000000, 13805.00000000, 13940.00000000, 3290.93614500, 1604145599999, 45671167.96149253, 51637, 1854.12215000, 25732150.64146168, 0
1604145600000, 13940.00000000, 13941.21000000, 13855.41000000, 13878.50000000, 3117.15670500, 1604149199999, 43323035.74208192, 44800, 1712.72912600, 23805158.03671756, 0
1604149200000, 13878.50000000, 13930.00000000, 13818.24000000, 13860.96000000, 2252.34614500, 1604152799999, 31246668.78012248, 36948, 1086.83766800, 15079625.53921826, 0
1604152800000, 13860.96000000, 13870.00000000, 13775.00000000, 13811.47000000, 2471.38522100, 1604156399999, 34160677.02930184, 38619, 1328.14856300, 18362941.07530530, 0
1604156400000, 13811.46000000, 13882.18000000, 13730.00000000, 13852.02000000, 2487.91749100, 1604159999999, 34309849.36149972, 41354, 1231.33336200, 16986988.47144981, 0
1604160000000, 13852.01000000, 13883.55000000, 13799.71000000, 13818.49000000, 1762.34198400, 1604163599999, 24385404.49739136, 31430, 785.17400400, 10863824.67287369, 0
1604163600000, 13818.49000000, 13819.47000000, 13732.48000000, 13778.29000000, 1678.22204300, 1604167199999, 23120132.09183016, 32783, 717.82655300, 9888733.53537420, 0
1604167200000, 13778.27000000, 13778.27000000, 13700.00000000, 13717.10000000, 1966.50231900, 1604170799999, 27004983.83640460, 33937, 861.66366300, 11832957.23814598, 0
1604170800000, 13717.11000000, 13809.89000000, 13675.13000000, 13781.87000000, 1913.98667400, 1604174399999, 26302300.21736245, 28290, 989.50800600, 13599277.38949232, 0
1604174400000, 13781.87000000, 13839.40000000, 13745.39000000, 13837.98000000, 1415.42210500, 1604177999999, 19535269.31154054, 26485, 684.06921100, 9441390.31689070, 0
1604178000000, 13837.99000000, 13848.22000000, 13807.44000000, 13838.82000000, 990.56848400, 1604181599999, 13701837.38316888, 22619, 400.39741500, 5538429.62229246, 0
1604181600000, 13838.83000000, 13890.00000000, 13816.38000000, 13866.99000000, 1353.16455100, 1604185199999, 18747163.69880452, 32695, 663.87280000, 9199317.51135400, 0
1604185200000, 13866.89000000, 13869.64000000, 13762.61000000, 13791.00000000, 1667.82276000, 1604188799999, 23020381.32549236, 33941, 800.99755400, 11055641.17838503, 0
1604188800000, 13791.00000000, 13895.00000000, 13660.00000000, 13725.95000000, 3504.28867800, 1604192399999, 48255602.57387439, 50886, 1504.25543100, 20721556.04279065, 0
1604192400000, 13725.96000000, 13772.02000000, 13707.68000000, 13759.90000000, 971.78611900, 1604195999999, 13358419.33872695, 19758, 488.63580500, 6717427.44027676, 0
1604196000000, 13759.91000000, 13774.96000000, 13686.14000000, 13715.88000000, 903.82430200, 1604199599999, 12417628.52843360, 17441, 452.63440700, 6219762.47685077, 0
1604199600000, 13715.88000000, 13733.90000000, 13641.00000000, 13690.01000000, 1170.78824500, 1604203199999, 16023429.64232731, 22383, 519.11252700, 7105688.11200487, 0
1604203200000, 13690.01000000, 13701.05000000, 13603.00000000, 13677.25000000, 1557.09069800, 1604206799999, 21260181.00150779, 25765, 815.82910700, 11142121.20513725, 0
1604206800000, 13677.24000000, 13755.00000000, 13658.47000000, 13698.23000000, 1078.73447400, 1604210399999, 14793247.11697678, 20771, 588.79001700, 8075153.56384857, 0
1604210400000, 13698.23000000, 13746.75000000, 13680.23000000, 13714.56000000, 1094.37621300, 1604213999999, 15008531.02740004, 19454, 540.11811600, 7408587.62121627, 0
1604214000000, 13714.57000000, 13809.16000000, 13710.52000000, 13792.51000000, 1329.85394300, 1604217599999, 18298061.51579021, 22367, 747.90994500, 10290559.16027221, 0
1604217600000, 13792.51000000, 13812.00000000, 13729.88000000, 13748.62000000, 1278.27495700, 1604221199999, 17599040.35801786, 20494, 552.30321300, 7603505.89779355, 0
1604221200000, 13748.62000000, 13762.07000000, 13672.00000000, 13687.52000000, 1376.78695300, 1604224799999, 18889159.56148974, 22661, 698.22162300, 9581949.51704446, 0
1604224800000, 13687.52000000, 13746.52000000, 13680.30000000, 13725.67000000, 1299.81483700, 1604228399999, 17828543.22392669, 19817, 781.03017000, 10713447.35098473, 0
1604228400000, 13725.94000000, 13783.95000000, 13655.01000000, 13696.58000000, 1944.92372800, 1604231999999, 26657779.20278770, 30027, 873.09053100, 11966127.71956366, 0
1604232000000, 13696.58000000, 13771.59000000, 13668.09000000, 13760.41000000, 1755.84666600, 1604235599999, 24095622.20765281, 26456, 812.73122800, 11153834.43567555, 0
1604235600000, 13760.29000000, 13799.00000000, 13733.90000000, 13793.75000000, 1817.96393000, 1604239199999, 25028788.07911068, 27992, 908.95083400, 12514607.75613835, 0
1604239200000, 13793.76000000, 13853.91000000, 13766.73000000, 13795.09000000, 2685.48446400, 1604242799999, 37086370.54740014, 33225, 1470.16751600, 20309495.66610022, 0
1604242800000, 13795.09000000, 13860.00000000, 13789.63000000, 13800.01000000, 1616.81068600, 1604246399999, 22360457.86118676, 27237, 832.70620300, 11517293.70365345, 0
1604246400000, 13800.00000000, 13827.65000000, 13761.87000000, 13800.99000000, 1434.17559400, 1604249999999, 19777990.93616719, 24416, 666.28775000, 9187179.94238751, 0
1604250000000, 13800.99000000, 13833.26000000, 13768.00000000, 13810.89000000, 968.67935700, 1604253599999, 13369386.83604356, 17431, 493.61927400, 6812951.00517226, 0
1604253600000, 13810.70000000, 13830.62000000, 13785.45000000, 13791.89000000, 827.15068400, 1604257199999, 11422455.62055365, 15173, 387.88179700, 5356687.21155781, 0
1604257200000, 13791.88000000, 13828.16000000, 13780.02000000, 13789.88000000, 894.98881300, 1604260799999, 12356062.79061734, 16597, 448.77908300, 6195983.12318633, 0
1604260800000, 13789.79000000, 13842.00000000, 13784.81000000, 13817.46000000, 1127.33669400, 1604264399999, 15581560.79411243, 19771, 599.08621400, 8279977.48558215, 0
1604264400000, 13817.47000000, 13864.00000000, 13781.00000000, 13811.94000000, 1472.04102300, 1604267999999, 20359978.50497172, 27978, 769.45891500, 10644160.07905417, 0
1604268000000, 13811.93000000, 13821.87000000, 13639.55000000, 13699.61000000, 2345.04207300, 1604271599999, 32211694.56796120, 45485, 968.60227400, 13308513.30413978, 0
1604271600000, 13699.61000000, 13763.00000000, 13639.55000000, 13761.50000000, 1829.58539500, 1604275199999, 25084377.23828988, 32663, 919.34278000, 12606056.79488659, 0
1604275200000, 13761.49000000, 13830.00000000, 13761.49000000, 13801.63000000, 2509.15568400, 1604278799999, 34638768.27563107, 38403, 1387.52799000, 19154502.34415992, 0
1604278800000, 13801.63000000, 13813.37000000, 13749.86000000, 13752.65000000, 1408.28011800, 1604282399999, 19409620.89535082, 21539, 558.26975000, 7693096.05148155, 0
1604282400000, 13752.66000000, 13766.72000000, 13656.41000000, 13717.84000000, 2087.45821100, 1604285999999, 28607691.83256916, 32766, 954.28650200, 13076962.97456258, 0
1604286000000, 13717.84000000, 13735.88000000, 13648.09000000, 13697.54000000, 1519.31193800, 1604289599999, 20793828.15572667, 28695, 666.71865000, 9124122.60127075, 0
1604289600000, 13697.54000000, 13722.54000000, 13647.78000000, 13699.45000000, 1260.85861900, 1604293199999, 17250781.24227313, 22402, 576.47026700, 7887498.87115538, 0
1604293200000, 13699.44000000, 13706.78000000, 13640.00000000, 13686.75000000, 1198.71806700, 1604296799999, 16397944.33112711, 20884, 564.18930700, 7718363.83211388, 0
1604296800000, 13687.37000000, 13758.97000000, 13676.59000000, 13734.02000000, 1654.22865200, 1604300399999, 22705257.53867865, 22995, 757.57552100, 10398922.48855295, 0
1604300400000, 13734.03000000, 13759.26000000, 13710.95000000, 13740.99000000, 1287.16362300, 1604303999999, 17683234.45210126, 20158, 595.04051900, 8174222.35706888, 0
1604304000000, 13740.99000000, 13741.00000000, 13420.00000000, 13446.65000000, 6697.95098700, 1604307599999, 90942149.04187403, 75542, 2601.47701400, 35325436.88009605, 0
1604307600000, 13446.65000000, 13580.94000000, 13417.47000000, 13571.64000000, 3901.35751900, 1604311199999, 52696525.54089890, 46029, 1908.84270000, 25783202.10893330, 0
1604311200000, 13571.64000000, 13571.64000000, 13461.08000000, 13492.70000000, 2117.19579400, 1604314799999, 28621312.52925412, 35197, 906.28510700, 12250313.82324086, 0
1604314800000, 13492.70000000, 13513.16000000, 13357.42000000, 13402.18000000, 6135.92357900, 1604318399999, 82386088.94834723, 67367, 2861.42083400, 38420823.23823097, 0
1604318400000, 13402.18000000, 13427.51000000, 13195.05000000, 13297.56000000, 7938.89510800, 1604321999999, 105801982.48291805, 83946, 3608.14375900, 48089518.36457340, 0
1604322000000, 13297.57000000, 13440.04000000, 13278.05000000, 13392.19000000, 3783.84679300, 1604325599999, 50601949.94935859, 45938, 1849.39769300, 24732637.58279401, 0
1604325600000, 13392.19000000, 13505.66000000, 13335.97000000, 13468.75000000, 3500.05721400, 1604329199999, 47016490.07982074, 42770, 1626.23321800, 21843430.13679823, 0
1604329200000, 13468.75000000, 13541.85000000, 13447.66000000, 13499.00000000, 2891.99591700, 1604332799999, 39030815.03495247, 36971, 1081.42830600, 14593450.75678969, 0
1604332800000, 13498.60000000, 13545.00000000, 13474.87000000, 13517.14000000, 2634.56262600, 1604336399999, 35591158.34723495, 36389, 1158.39429800, 15650014.33617058, 0
1604336400000, 13517.13000000, 13548.89000000, 13485.08000000, 13512.51000000, 1675.13882800, 1604339999999, 22636529.19971538, 21930, 734.46349800, 9925183.38796737, 0
1604340000000, 13512.51000000, 13530.49000000, 13447.81000000, 13458.26000000, 1612.61404600, 1604343599999, 21747717.47383889, 26129, 679.51973700, 9163507.73542856, 0
1604343600000, 13458.27000000, 13555.41000000, 13455.21000000, 13553.65000000, 1424.92197800, 1604347199999, 19266151.03349804, 21148, 804.43969800, 10877600.61451045, 0
1604347200000, 13553.65000000, 13700.00000000, 13547.98000000, 13663.37000000, 3065.67573100, 1604350799999, 41827092.26665621, 44607, 1558.09263600, 21255109.49819260, 0
1604350800000, 13663.44000000, 13668.51000000, 13595.66000000, 13605.00000000, 1779.40523900, 1604354399999, 24240853.67687736, 25009, 732.81048800, 9982736.24333121, 0
1604354400000, 13605.00000000, 13648.68000000, 13548.71000000, 13585.00000000, 1291.35785000, 1604357999999, 17569619.95395513, 28592, 593.36802500, 8074996.45052602, 0
1604358000000, 13585.00000000, 13606.04000000, 13534.15000000, 13549.37000000, 1190.34778700, 1604361599999, 16166431.54873483, 24444, 478.83814700, 6502948.93899167, 0
1604361600000, 13549.63000000, 13575.49000000, 13437.00000000, 13528.16000000, 2157.07891700, 1604365199999, 29124545.28712041, 37411, 991.70677900, 13389833.07764511, 0
1604365200000, 13528.16000000, 13607.10000000, 13527.33000000, 13596.56000000, 1245.99989300, 1604368799999, 16895174.22255902, 22772, 581.79306700, 7889968.83053039, 0
1604368800000, 13596.56000000, 13642.00000000, 13387.05000000, 13432.16000000, 3233.48133100, 1604372399999, 43711596.06276686, 51600, 1574.38267200, 21284087.71691647, 0
1604372400000, 13432.17000000, 13476.00000000, 13310.00000000, 13391.96000000, 4633.22941400, 1604375999999, 62077002.79384781, 68647, 2483.64632000, 33287933.79746969, 0
1604376000000, 13391.95000000, 13421.25000000, 13311.29000000, 13417.90000000, 3731.98892800, 1604379599999, 49906809.64464567, 46358, 1981.15695500, 26496362.96144545, 0
1604379600000, 13417.90000000, 13449.82000000, 13351.01000000, 13372.30000000, 2333.41705100, 1604383199999, 31305185.84379396, 33033, 1296.85278200, 17402293.82496892, 0
1604383200000, 13372.30000000, 13454.01000000, 13284.99000000, 13423.17000000, 3976.54059000, 1604386799999, 53255534.56846042, 45710, 1905.33107100, 25523028.25470698, 0
1604386800000, 13423.17000000, 13448.60000000, 13392.00000000, 13444.30000000, 2695.89362900, 1604390399999, 36186954.10763932, 33196, 1175.73192300, 15783077.02988499, 0
1604390400000, 13443.30000000, 13555.47000000, 13404.45000000, 13516.43000000, 3720.35388900, 1604393999999, 50228782.28162182, 48133, 1988.43087500, 26843228.34658132, 0
1604394000000, 13516.43000000, 13604.00000000, 13474.28000000, 13561.88000000, 2863.80840500, 1604397599999, 38778233.76160942, 41438, 1470.30913600, 19917181.89422084, 0
1604397600000, 13561.88000000, 13579.32000000, 13493.23000000, 13550.62000000, 2561.23139100, 1604401199999, 34679872.14058327, 42003, 1188.99171000, 16100275.76977053, 0
1604401200000, 13550.62000000, 13554.70000000, 13467.96000000, 13532.14000000, 3024.15160100, 1604404799999, 40883383.18715933, 43161, 1244.73494500, 16827690.46493114, 0
1604404800000, 13532.15000000, 13550.00000000, 13471.00000000, 13514.68000000, 2174.64974100, 1604408399999, 29379453.47530043, 37681, 1129.13125700, 15254590.21590689, 0
1604408400000, 13514.67000000, 13740.78000000, 13484.36000000, 13699.71000000, 5121.20170000, 1604411999999, 69884550.20789514, 59923, 2933.60629000, 40022157.67370969, 0
1604412000000, 13699.71000000, 13790.00000000, 13671.54000000, 13784.59000000, 3689.08926300, 1604415599999, 50611365.92139046, 46424, 2032.13443900, 27884000.04021898, 0
1604415600000, 13784.60000000, 13798.00000000, 13676.65000000, 13710.38000000, 4314.14531800, 1604419199999, 59310310.71169183, 55111, 2052.05375700, 28211932.84366532, 0
1604419200000, 13710.39000000, 13749.88000000, 13680.34000000, 13716.87000000, 2305.93131800, 1604422799999, 31627790.50981447, 37895, 1050.81612800, 14412236.19318882, 0
1604422800000, 13716.87000000, 13769.33000000, 13705.71000000, 13731.49000000, 1951.38961400, 1604426399999, 26807506.10446603, 35426, 1019.85047000, 14011621.15774333, 0
1604426400000, 13731.49000000, 13780.00000000, 13729.78000000, 13741.22000000, 1735.81156000, 1604429999999, 23882553.16487117, 33062, 755.44961800, 10394473.34442223, 0
1604430000000, 13741.22000000, 13770.00000000, 13717.31000000, 13721.27000000, 1370.41209800, 1604433599999, 18844274.67730619, 27969, 615.39235800, 8462048.38261472, 0
1604433600000, 13721.27000000, 13768.13000000, 13694.80000000, 13731.63000000, 1593.05614300, 1604437199999, 21884197.79566766, 30143, 705.34495300, 9689493.02820000, 0
1604437200000, 13731.64000000, 13779.25000000, 13727.42000000, 13732.96000000, 1478.62635400, 1604440799999, 20345441.25841325, 23307, 832.14086800, 11450403.25915322, 0
1604440800000, 13732.96000000, 13845.00000000, 13650.00000000, 13824.19000000, 3513.22687000, 1604444399999, 48379045.94033289, 56781, 2175.90636200, 29977429.59737332, 0
1604444400000, 13824.19000000, 14066.11000000, 13824.19000000, 14023.53000000, 8690.91576900, 1604447999999, 121412524.04150472, 95385, 5147.81859500, 71916015.18261427, 0
1604448000000, 14023.53000000, 14044.55000000, 13779.00000000, 13794.67000000, 4953.38851100, 1604451599999, 69103990.16153925, 51703, 2334.65789400, 32581517.83766453, 0
1604451600000, 13798.39000000, 13868.52000000, 13713.00000000, 13812.21000000, 4082.65401200, 1604455199999, 56330448.27626525, 50138, 1981.50072900, 27341606.53081014, 0
1604455200000, 13812.21000000, 13872.91000000, 13700.00000000, 13756.06000000, 3971.18897800, 1604458799999, 54706117.43423229, 49076, 1854.96894800, 25550579.60631492, 0
1604458800000, 13756.06000000, 13954.99000000, 13756.06000000, 13897.51000000, 4768.65720000, 1604462399999, 66194554.21248608, 61369, 2405.77563200, 33396980.41333054, 0
1604462400000, 13897.51000000, 13920.99000000, 13828.44000000, 13897.01000000, 3049.29324700, 1604465999999, 42329962.56058564, 38969, 1363.21522400, 18923625.09598522, 0
1604466000000, 13897.01000000, 13928.26000000, 13786.54000000, 13796.86000000, 2635.73216400, 1604469599999, 36525401.56464781, 34175, 1020.15408700, 14134420.95971485, 0
1604469600000, 13796.90000000, 13840.22000000, 13751.00000000, 13803.58000000, 2404.99588500, 1604473199999, 33183384.50428406, 34839, 1019.11291400, 14062049.61861640, 0
1604473200000, 13803.59000000, 13817.00000000, 13525.00000000, 13600.46000000, 5709.91609200, 1604476799999, 78050392.90641486, 65664, 2561.49543800, 35026217.12665068, 0
1604476800000, 13600.46000000, 13694.53000000, 13569.51000000, 13645.23000000, 3281.67483500, 1604480399999, 44757829.80795709, 60607, 1476.62870300, 20140371.07762997, 0
1604480400000, 13645.22000000, 13696.84000000, 13636.50000000, 13653.77000000, 2883.93533300, 1604483999999, 39420087.04803236, 44641, 1341.72586900, 18339912.43836242, 0
1604484000000, 13653.77000000, 13756.97000000, 13608.00000000, 13688.70000000, 3121.85352200, 1604487599999, 42728421.02405206, 47089, 1548.77831100, 21196378.57473225, 0
1604487600000, 13688.70000000, 13744.01000000, 13655.55000000, 13720.99000000, 2109.45942100, 1604491199999, 28911553.48385720, 31518, 1215.10900300, 16654331.41359873, 0
1604491200000, 13721.00000000, 13843.61000000, 13701.00000000, 13824.68000000, 3183.89344700, 1604494799999, 43888096.09141944, 39268, 1597.66492600, 22021680.32878760, 0
1604494800000, 13824.68000000, 13895.00000000, 13786.87000000, 13835.13000000, 2899.77575100, 1604498399999, 40141494.60943926, 43994, 1414.92195400, 19587377.21258203, 0
1604498400000, 13835.13000000, 13850.00000000, 13737.12000000, 13839.99000000, 3094.46554200, 1604501999999, 42680364.59554464, 47605, 1428.18184900, 19698268.40182067, 0
1604502000000, 13839.99000000, 13925.00000000, 13839.98000000, 13911.47000000, 3612.22791500, 1604505599999, 50155892.23711397, 45208, 1831.22059600, 25427445.30772223, 0
1604505600000, 13911.47000000, 14035.00000000, 13881.05000000, 14024.01000000, 7186.17156900, 1604509199999, 100468448.12219686, 84724, 4214.98799200, 58936512.77353589, 0
1604509200000, 14024.01000000, 14259.00000000, 14023.01000000, 14068.97000000, 11732.55831500, 1604512799999, 166010886.83521320, 119839, 6507.92433000, 92077244.51236518, 0
1604512800000, 14068.97000000, 14120.00000000, 14017.04000000, 14086.71000000, 3885.07750900, 1604516399999, 54701260.13165086, 53655, 1996.21247900, 28107437.91302357, 0
1604516400000, 14086.72000000, 14111.60000000, 14070.00000000, 14102.26000000, 1938.39347100, 1604519999999, 27320493.50829640, 27683, 868.10304700, 12235342.47102082, 0
1604520000000, 14102.26000000, 14146.13000000, 13931.64000000, 14035.00000000, 3948.01068700, 1604523599999, 55399272.98320557, 50561, 1721.07753600, 24156649.23986977, 0
1604523600000, 14035.01000000, 14100.00000000, 13980.01000000, 13998.80000000, 2101.10148100, 1604527199999, 29494543.38221516, 30709, 862.40520900, 12106591.20511243, 0
1604527200000, 13998.80000000, 14250.00000000, 13997.77000000, 14140.94000000, 4506.13187200, 1604530799999, 63765129.54466476, 65701, 1843.24214200, 26082470.96300940, 0
1604530800000, 14141.03000000, 14159.37000000, 14060.81000000, 14144.01000000, 1956.43150300, 1604534399999, 27604640.39264781, 34224, 924.59678400, 13046896.05103234, 0
1604534400000, 14144.01000000, 14201.00000000, 14093.56000000, 14105.09000000, 2142.98568600, 1604537999999, 30315239.59180163, 33154, 926.45398500, 13108985.36030547, 0
1604538000000, 14105.09000000, 14180.66000000, 14096.14000000, 14139.03000000, 1822.79541100, 1604541599999, 25783228.24651078, 26989, 783.09844000, 11075210.03748260, 0
1604541600000, 14139.04000000, 14319.00000000, 14120.54000000, 14234.32000000, 5420.34721600, 1604545199999, 77145129.59059760, 61221, 2821.40290900, 40168341.69861767, 0
1604545200000, 14234.33000000, 14372.73000000, 14234.33000000, 14311.29000000, 4134.96074300, 1604548799999, 59139055.92363326, 48963, 2006.40489500, 28701784.04774758, 0
1604548800000, 14311.09000000, 14353.67000000, 14250.00000000, 14291.42000000, 2853.74957500, 1604552399999, 40780696.40008032, 35876, 1194.32456700, 17069059.14085502, 0
1604552400000, 14291.42000000, 14330.00000000, 14250.00000000, 14316.71000000, 2204.69503900, 1604555999999, 31511768.08578677, 31531, 1018.98765000, 14565749.59211265, 0
1604556000000, 14316.71000000, 14381.28000000, 14280.18000000, 14335.18000000, 4631.30465900, 1604559599999, 66390547.82057480, 51913, 2667.49823700, 38240429.19046795, 0
1604559600000, 14335.18000000, 14508.25000000, 14323.22000000, 14475.87000000, 6796.73293000, 1604563199999, 98127367.73426509, 76398, 3941.19787100, 56904835.02356733, 0
1604563200000, 14476.18000000, 14548.00000000, 14337.45000000, 14444.09000000, 5357.53134900, 1604566799999, 77368361.22102136, 72437, 2533.39500300, 36587564.47673810, 0
1604566800000, 14444.09000000, 14494.46000000, 14366.03000000, 14462.37000000, 3320.51262200, 1604570399999, 47952415.49540924, 43096, 1544.58119800, 22306089.40446692, 0
1604570400000, 14462.38000000, 14648.00000000, 14446.00000000, 14648.00000000, 5699.24185400, 1604573999999, 82832075.86959459, 63875, 3135.83087500, 45577728.16341019, 0
1604574000000, 14647.76000000, 14740.00000000, 14511.54000000, 14717.60000000, 8550.50887900, 1604577599999, 125084696.46428601, 92197, 4018.03227300, 58778368.70116256, 0
1604577600000, 14717.61000000, 14920.00000000, 14600.00000000, 14870.14000000, 10158.92894400, 1604581199999, 150137001.61561121, 108774, 5241.79594000, 77514356.93860026, 0
1604581200000, 14870.13000000, 14970.00000000, 14666.00000000, 14812.19000000, 10536.07707700, 1604584799999, 156679843.22044934, 111763, 5226.96923500, 77747248.63148714, 0
1604584800000, 14812.19000000, 14910.01000000, 14780.00000000, 14894.46000000, 5649.76625700, 1604588399999, 83961261.26568308, 78166, 2760.81953200, 41032784.32961776, 0
1604588400000, 14894.46000000, 15148.00000000, 14838.47000000, 15080.26000000, 9144.74450900, 1604591999999, 136990899.39461481, 98047, 4943.49991300, 74087941.85353976, 0
1604592000000, 15080.25000000, 15300.00000000, 15080.00000000, 15155.87000000, 10365.38858300, 1604595599999, 157608939.51606455, 113176, 5289.72917300, 80420296.01730582, 0
1604595600000, 15155.88000000, 15225.00000000, 14550.00000000, 15037.66000000, 11011.79499300, 1604599199999, 165048443.24456784, 134285, 5202.03638400, 77974447.49098872, 0
1604599200000, 15037.66000000, 15117.00000000, 14858.29000000, 14938.94000000, 5208.77753700, 1604602799999, 77896726.27205173, 82538, 2569.99777900, 38444036.36693465, 0
1604602800000, 14938.47000000, 15133.33000000, 14900.00000000, 15120.88000000, 3963.06953400, 1604606399999, 59512630.24985426, 51890, 1833.26652300, 27531375.71100937, 0
1604606400000, 15120.89000000, 15166.76000000, 14992.12000000, 15066.61000000, 3545.70206900, 1604609999999, 53479521.23787827, 45440, 1535.14092700, 23152664.48905207, 0
1604610000000, 15065.82000000, 15266.11000000, 15065.82000000, 15227.27000000, 3824.93420200, 1604613599999, 58055867.44053494, 50417, 1975.58209000, 29981039.48414785, 0
1604613600000, 15227.33000000, 15575.00000000, 15183.08000000, 15534.98000000, 6894.57874500, 1604617199999, 106222317.92361205, 111748, 3998.87139400, 61649166.67878020, 0
1604617200000, 15532.49000000, 15750.00000000, 15449.06000000, 15590.02000000, 10502.39426000, 1604620799999, 163841575.46640754, 112161, 5027.21032500, 78448213.76647139, 0
1604620800000, 15590.02000000, 15950.00000000, 15388.00000000, 15864.51000000, 10141.17648200, 1604624399999, 159427065.46489703, 118684, 5313.34645100, 83577704.49158216, 0
1604624400000, 15864.52000000, 15960.00000000, 15738.22000000, 15757.27000000, 7625.41471300, 1604627999999, 120917471.25682825, 95894, 3778.27626200, 59923915.41473396, 0
1604628000000, 15757.26000000, 15896.74000000, 15543.00000000, 15644.46000000, 7446.06140700, 1604631599999, 116950523.48296774, 99769, 3468.84011100, 54514525.84593965, 0
1604631600000, 15644.46000000, 15680.00000000, 15415.00000000, 15430.48000000, 6843.61943800, 1604635199999, 106423943.55982063, 87841, 3331.81361500, 51818151.21906964, 0
1604635200000, 15431.23000000, 15583.95000000, 15419.32000000, 15548.50000000, 4313.25530300, 1604638799999, 66894689.26821151, 55188, 2111.40103100, 32747656.66355075, 0
1604638800000, 15548.50000000, 15699.43000000, 15482.01000000, 15628.88000000, 4839.60093700, 1604642399999, 75556817.37406423, 62230, 2381.12383700, 37160439.12638165, 0
1604642400000, 15628.89000000, 15757.59000000, 15628.88000000, 15679.76000000, 4240.70716800, 1604645999999, 66555169.02018308, 60129, 1657.37543600, 26015814.86796609, 0
1604646000000, 15679.77000000, 15783.62000000, 15657.50000000, 15733.30000000, 3866.89735400, 1604649599999, 60821100.87649220, 51027, 1693.90901400, 26646244.00318509, 0
1604649600000, 15731.56000000, 15739.00000000, 15447.71000000, 15479.24000000, 5614.51615000, 1604653199999, 87673254.47888921, 72720, 2385.52283300, 37249184.33783448, 0
1604653200000, 15478.32000000, 15541.28000000, 15274.05000000, 15403.01000000, 6940.66181600, 1604656799999, 106928196.02785958, 74843, 3204.29688800, 49382555.21706581, 0
1604656800000, 15403.00000000, 15654.76000000, 15388.00000000, 15584.33000000, 5693.79592100, 1604660399999, 88550612.09259757, 75996, 2968.21353600, 46149475.73587120, 0
1604660400000, 15584.34000000, 15623.00000000, 15424.00000000, 15572.36000000, 5168.57059600, 1604663999999, 80195373.26874672, 70581, 2611.77508900, 40524832.68085480, 0
1604664000000, 15572.35000000, 15576.87000000, 15359.78000000, 15453.50000000, 4687.88236800, 1604667599999, 72433732.01292962, 69796, 2182.67642300, 33726222.04761958, 0
1604667600000, 15453.66000000, 15710.00000000, 15435.40000000, 15685.04000000, 6721.27974800, 1604671199999, 104747185.19633839, 78307, 3602.64569200, 56146126.96914718, 0
1604671200000, 15685.03000000, 15690.50000000, 15352.05000000, 15459.54000000, 6888.24429100, 1604674799999, 106855804.87761054, 88346, 3079.07978300, 47760694.25442859, 0
1604674800000, 15459.55000000, 15520.00000000, 15350.00000000, 15411.27000000, 5502.86078100, 1604678399999, 85000141.62239639, 67867, 2592.76097900, 40055371.64887021, 0
1604678400000, 15410.42000000, 15544.13000000, 15398.01000000, 15496.66000000, 3643.79573200, 1604681999999, 56424101.67103532, 56984, 1626.20770000, 25180199.15690968, 0
1604682000000, 15496.66000000, 15560.00000000, 15459.48000000, 15466.27000000, 2296.82549700, 1604685599999, 35623344.88232560, 39729, 1002.06293400, 15544769.99464571, 0
1604685600000, 15466.73000000, 15529.93000000, 15415.48000000, 15459.86000000, 2869.71462200, 1604689199999, 44427654.03035654, 39696, 1226.59729000, 18990050.54284365, 0
1604689200000, 15459.85000000, 15519.90000000, 15400.11000000, 15435.99000000, 2191.23507800, 1604692799999, 33880733.49778660, 32620, 1001.46051500, 15486698.10574633, 0
1604692800000, 15436.00000000, 15540.00000000, 15166.00000000, 15484.02000000, 6426.17357000, 1604696399999, 98647126.38009321, 84195, 3040.73041900, 46694855.49255630, 0
1604696400000, 15484.28000000, 15627.74000000, 15457.17000000, 15533.23000000, 3570.87688900, 1604699999999, 55493378.92693182, 53635, 1834.94057600, 28516106.00179809, 0
1604700000000, 15533.23000000, 15619.32000000, 15465.78000000, 15594.81000000, 1980.07075500, 1604703599999, 30763429.52479669, 64613, 1031.85968100, 16038508.16567839, 0
1604703600000, 15596.11000000, 15675.00000000, 15521.58000000, 15579.92000000, 3104.96107900, 1604707199999, 48469880.02876196, 54278, 1401.84443800, 21883710.29501659, 0
1604707200000, 15579.93000000, 15660.00000000, 15544.58000000, 15607.73000000, 3392.84587700, 1604710799999, 52979258.47279033, 56349, 1652.17821800, 25799967.89481388, 0
1604710800000, 15607.73000000, 15753.52000000, 15569.28000000, 15684.39000000, 3735.58940800, 1604714399999, 58552749.38159650, 66166, 2048.05570600, 32106276.28508646, 0
1604714400000, 15684.39000000, 15689.24000000, 15520.36000000, 15569.53000000, 3761.06673700, 1604717999999, 58681840.93331529, 61951, 1837.53382600, 28668391.78585334, 0
1604718000000, 15569.55000000, 15610.04000000, 15489.97000000, 15545.20000000, 2187.25015500, 1604721599999, 34019466.78247031, 44701, 990.70820800, 15409544.53605163, 0
1604721600000, 15545.20000000, 15617.49000000, 15456.84000000, 15513.16000000, 2210.83878800, 1604725199999, 34325218.23067800, 35128, 1097.09420000, 17032812.97384049, 0
1604725200000, 15513.16000000, 15577.01000000, 15452.00000000, 15554.75000000, 1464.55572300, 1604728799999, 22731889.49094491, 31140, 732.01229900, 11363041.51576668, 0
1604728800000, 15554.75000000, 15561.10000000, 15480.00000000, 15528.03000000, 1192.70653300, 1604732399999, 18502676.21758649, 25939, 569.42082600, 8834204.33424633, 0
1604732400000, 15528.03000000, 15530.23000000, 15415.00000000, 15444.41000000, 1783.35553600, 1604735999999, 27589356.65614339, 31916, 774.37384600, 11982252.59204374, 0
1604736000000, 15444.33000000, 15546.75000000, 15388.03000000, 15498.25000000, 2248.01839500, 1604739599999, 34776789.22801650, 42117, 1099.63590300, 17016380.24193524, 0
1604739600000, 15498.24000000, 15534.00000000, 15441.00000000, 15483.71000000, 1857.88512600, 1604743199999, 28759271.15299037, 35745, 764.59941400, 11837214.18226815, 0
1604743200000, 15483.65000000, 15566.44000000, 15425.63000000, 15551.78000000, 1826.34140500, 1604746799999, 28310886.30846398, 32211, 882.28733200, 13680556.49070895, 0
1604746800000, 15551.78000000, 15583.15000000, 15467.94000000, 15515.95000000, 1956.84528800, 1604750399999, 30390934.16432821, 35845, 876.02890600, 13606682.10132084, 0
1604750400000, 15515.95000000, 15550.00000000, 15495.00000000, 15509.17000000, 1850.28835000, 1604753999999, 28721955.69695348, 37597, 856.19469900, 13290357.54515666, 0
1604754000000, 15509.17000000, 15523.30000000, 15390.00000000, 15505.09000000, 3128.49794000, 1604757599999, 48396475.72401968, 53463, 1267.30635000, 19605984.23592020, 0
1604757600000, 15505.08000000, 15505.08000000, 15267.00000000, 15296.69000000, 5534.99582500, 1604761199999, 85093914.74375982, 81653, 2341.53319500, 35998397.89622876, 0
1604761200000, 15297.77000000, 15390.00000000, 15170.00000000, 15337.91000000, 6356.36502000, 1604764799999, 97203995.13669297, 85150, 2830.27051900, 43302071.56672142, 0
1604764800000, 15338.47000000, 15410.00000000, 15100.00000000, 15360.01000000, 7032.94730000, 1604768399999, 107331278.76529892, 91341, 3219.58309800, 49189234.58331842, 0
1604768400000, 15360.28000000, 15396.96000000, 15200.09000000, 15224.12000000, 2773.05877500, 1604771999999, 42396005.70500479, 49324, 1282.88229900, 19610416.94210246, 0
1604772000000, 15223.79000000, 15298.41000000, 14707.00000000, 14927.95000000, 10901.69261300, 1604775599999, 163627100.45692157, 119142, 4037.78820600, 60650515.60570243, 0
1604775600000, 14927.96000000, 15056.00000000, 14560.00000000, 14643.52000000, 13115.97533800, 1604779199999, 193524804.07197587, 150938, 6686.51532100, 98635308.73111941, 0
1604779200000, 14643.52000000, 14949.00000000, 14344.22000000, 14852.26000000, 12190.56945000, 1604782799999, 178563867.59701304, 160348, 5611.96731500, 82246015.00891962, 0
1604782800000, 14852.27000000, 14937.69000000, 14746.80000000, 14822.58000000, 4768.11033500, 1604786399999, 70782497.72034697, 93344, 1911.00780200, 28368570.49768345, 0
1604786400000, 14822.58000000, 14855.00000000, 14662.16000000, 14800.00000000, 3303.88669800, 1604789999999, 48792101.54477477, 86284, 1578.12128500, 23296947.34074422, 0
1604790000000, 14800.01000000, 14918.00000000, 14788.00000000, 14818.30000000, 2857.51993800, 1604793599999, 42455842.90938754, 49229, 1257.77184800, 18688886.41279442, 0
1604793600000, 14818.30000000, 14917.85000000, 14703.88000000, 14912.74000000, 3545.03079800, 1604797199999, 52510936.50141713, 57796, 1628.49590200, 24126895.83486809, 0
1604797200000, 14912.74000000, 15075.97000000, 14832.65000000, 15046.89000000, 2856.65460200, 1604800799999, 42742228.29321895, 42973, 1429.48050400, 21391316.72537584, 0
1604800800000, 15046.89000000, 15120.00000000, 14977.28000000, 15016.16000000, 3172.99639800, 1604804399999, 47739080.72491970, 41059, 1481.01216900, 22284253.44831093, 0
1604804400000, 15016.17000000, 15044.96000000, 14954.86000000, 14957.41000000, 1908.55625300, 1604807999999, 28622737.37469589, 25743, 838.64442000, 12576488.11729359, 0
1604808000000, 14957.42000000, 15029.41000000, 14928.85000000, 14985.61000000, 1671.58763800, 1604811599999, 25048538.80000172, 27865, 888.48023400, 13315066.51050248, 0
1604811600000, 14985.62000000, 15092.18000000, 14951.00000000, 15048.67000000, 1386.13419300, 1604815199999, 20824846.52675642, 21646, 750.41905700, 11275869.04383381, 0
1604815200000, 15048.67000000, 15068.34000000, 14968.58000000, 15003.58000000, 1335.07692600, 1604818799999, 20039575.89672736, 25969, 581.01841900, 8721096.54041465, 0
1604818800000, 15003.58000000, 15030.50000000, 14906.16000000, 14931.53000000, 1653.98748100, 1604822399999, 24762024.46887915, 28741, 753.46989700, 11280034.28462175, 0
1604822400000, 14931.71000000, 14987.00000000, 14848.00000000, 14970.87000000, 1863.16038100, 1604825999999, 27826003.90597549, 32433, 821.13079100, 12266853.73638561, 0
1604826000000, 14970.86000000, 15034.00000000, 14932.18000000, 15026.94000000, 1681.58202900, 1604829599999, 25210838.09559316, 27157, 787.02509200, 11799706.08865560, 0
1604829600000, 15026.95000000, 15180.00000000, 14992.38000000, 15161.50000000, 3405.51855100, 1604833199999, 51342893.97510086, 46412, 1795.89357600, 27083227.13052738, 0
1604833200000, 15161.51000000, 15192.50000000, 15109.00000000, 15171.00000000, 2625.87384900, 1604836799999, 39755548.42021141, 35931, 869.45659900, 13163917.30280670, 0
1604836800000, 15171.11000000, 15287.41000000, 15171.11000000, 15242.07000000, 3335.85611100, 1604840399999, 50814595.28697909, 47493, 1536.81423800, 23411971.60018735, 0
1604840400000, 15242.07000000, 15271.16000000, 15106.01000000, 15204.80000000, 3043.99662600, 1604843999999, 46240891.90342206, 47170, 998.20303900, 15159976.17225065, 0
1604844000000, 15204.80000000, 15353.19000000, 15180.00000000, 15343.83000000, 3024.54309500, 1604847599999, 46180617.91231223, 45179, 1626.10053700, 24835929.93658310, 0
1604847600000, 15343.83000000, 15443.00000000, 15314.94000000, 15353.48000000, 4185.72407500, 1604851199999, 64338638.30660878, 58192, 1904.61665400, 29280590.66892259, 0
1604851200000, 15353.49000000, 15430.00000000, 15300.00000000, 15387.99000000, 2382.67843600, 1604854799999, 36595952.45818421, 39491, 1085.54587800, 16676562.20603822, 0
1604854800000, 15388.00000000, 15634.90000000, 15380.00000000, 15574.19000000, 5827.93508800, 1604858399999, 90500335.25116229, 75964, 3258.33709200, 50594516.02173511, 0
1604858400000, 15574.19000000, 15650.00000000, 15455.00000000, 15528.01000000, 3741.54218200, 1604861999999, 58206017.21915281, 53147, 1865.98099900, 29033142.96329032, 0
1604862000000, 15528.00000000, 15554.00000000, 15239.08000000, 15339.47000000, 4459.77325500, 1604865599999, 68635183.98052783, 61392, 1996.77851500, 30729021.53563258, 0
1604865600000, 15339.48000000, 15436.11000000, 15332.45000000, 15375.30000000, 1966.90514700, 1604869199999, 30268485.06598623, 37922, 933.47105500, 14363503.68236530, 0
1604869200000, 15375.29000000, 15410.12000000, 15250.00000000, 15327.05000000, 2058.08532400, 1604872799999, 31509551.73050701, 36949, 1034.06055600, 15831432.38061469, 0
1604872800000, 15327.05000000, 15534.88000000, 15325.02000000, 15500.00000000, 1947.66982800, 1604876399999, 30104110.23256931, 45929, 959.54257400, 14830215.46933220, 0
1604876400000, 15500.01000000, 15527.00000000, 15414.00000000, 15475.10000000, 2466.31030800, 1604879999999, 38211741.50887121, 36220, 1351.68309500, 20946968.98883063, 0
1604880000000, 15475.10000000, 15595.00000000, 15401.66000000, 15549.62000000, 2553.88762200, 1604883599999, 39643097.72290465, 43680, 1342.61031600, 20843994.56612061, 0
1604883600000, 15549.63000000, 15595.00000000, 15475.00000000, 15509.29000000, 1789.89768700, 1604887199999, 27790356.19816591, 33780, 727.79443100, 11299258.12074648, 0
1604887200000, 15509.34000000, 15563.91000000, 15437.00000000, 15467.33000000, 1806.22258800, 1604890799999, 27995959.10853820, 28833, 932.49988000, 14455693.44980465, 0
1604890800000, 15467.33000000, 15480.00000000, 15374.26000000, 15434.08000000, 2258.01672200, 1604894399999, 34867663.18620803, 32890, 962.23298500, 14857247.38034560, 0
1604894400000, 15434.08000000, 15437.20000000, 15359.00000000, 15382.23000000, 2486.77236300, 1604897999999, 38270440.57998650, 34406, 1094.44071800, 16841738.47961999, 0
1604898000000, 15382.23000000, 15491.37000000, 15329.82000000, 15465.74000000, 2181.99622300, 1604901599999, 33650472.96039148, 35823, 997.73748600, 15388315.57775514, 0
1604901600000, 15465.57000000, 15467.74000000, 15349.90000000, 15375.04000000, 2226.59849000, 1604905199999, 34303741.87357910, 44729, 942.19329200, 14514247.61776889, 0
1604905200000, 15375.04000000, 15450.00000000, 15282.35000000, 15303.26000000, 3067.98935600, 1604908799999, 47153377.45932613, 48489, 1223.52815600, 18814599.72372844, 0
1604908800000, 15303.27000000, 15450.00000000, 15140.00000000, 15393.50000000, 6128.23716800, 1604912399999, 93644406.83840239, 84805, 2748.36647100, 42011642.49794797, 0
1604912400000, 15393.51000000, 15466.63000000, 15375.40000000, 15404.26000000, 3289.14361900, 1604915999999, 50738787.22046606, 47140, 1520.54817500, 23457778.42966259, 0
1604916000000, 15404.26000000, 15485.30000000, 15400.00000000, 15465.83000000, 2524.22546300, 1604919599999, 39004573.19603959, 38104, 1111.03805800, 17169455.08336808, 0
1604919600000, 15465.84000000, 15840.00000000, 15446.20000000, 15802.39000000, 7194.03822500, 1604923199999, 112444343.80220148, 81101, 4127.86720500, 64568718.34148751, 0
1604923200000, 15802.40000000, 15808.40000000, 15409.00000000, 15565.27000000, 10169.60995300, 1604926799999, 158751591.53401543, 122531, 4828.72029000, 75357726.38801458, 0
1604926800000, 15565.11000000, 15586.72000000, 15142.52000000, 15278.58000000, 10988.21862500, 1604930399999, 168287106.16031208, 121418, 5061.94369600, 77559995.38748618, 0
1604930400000, 15278.58000000, 15441.84000000, 14952.00000000, 15101.00000000, 7974.18485100, 1604933999999, 121521809.03034246, 96240, 3734.03942500, 56928170.98275898, 0
1604934000000, 15081.46000000, 15156.15000000, 14940.54000000, 15000.96000000, 9309.71134000, 1604937599999, 140147687.46965617, 118507, 4525.40889700, 68140397.02371442, 0
1604937600000, 15000.96000000, 15135.70000000, 14805.54000000, 15111.62000000, 9186.65916100, 1604941199999, 137383024.23972100, 116872, 4615.00033600, 69018207.45920293, 0
1604941200000, 15111.62000000, 15244.15000000, 15054.69000000, 15225.00000000, 4501.89204700, 1604944799999, 68250702.89037029, 66756, 2066.23285400, 31329088.48640023, 0
1604944800000, 15225.00000000, 15323.67000000, 15148.70000000, 15317.51000000, 3811.91102300, 1604948399999, 58072384.54773448, 53885, 1781.99822600, 27152098.05804023, 0
1604948400000, 15317.50000000, 15449.84000000, 15263.12000000, 15360.00000000, 4708.18391100, 1604951999999, 72328757.97854825, 63722, 2257.14966900, 34679857.54699908, 0
1604952000000, 15360.00000000, 15492.67000000, 15347.50000000, 15373.76000000, 3802.71737900, 1604955599999, 58635842.65361183, 49031, 1613.79744400, 24882586.01352033, 0
1604955600000, 15373.77000000, 15433.43000000, 15314.50000000, 15369.24000000, 2703.47118300, 1604959199999, 41576101.39945603, 39223, 1105.28719000, 16997289.36754560, 0
1604959200000, 15369.25000000, 15418.05000000, 15211.22000000, 15242.61000000, 2193.30241400, 1604962799999, 33569052.90618724, 57299, 1043.45055400, 15969302.65255647, 0
1604962800000, 15242.62000000, 15347.51000000, 15228.52000000, 15328.41000000, 2119.44672100, 1604966399999, 32416654.55801417, 46177, 986.56088700, 15086982.13250343, 0
1604966400000, 15328.41000000, 15350.00000000, 15182.06000000, 15300.00000000, 2756.20927600, 1604969999999, 42054026.55672469, 50348, 1196.72711800, 18259189.78472892, 0
1604970000000, 15300.00000000, 15401.27000000, 15257.84000000, 15392.01000000, 2435.35012800, 1604973599999, 37367357.16298654, 42564, 1130.46528400, 17345985.25618387, 0
1604973600000, 15392.01000000, 15429.00000000, 15332.19000000, 15339.14000000, 2056.44010800, 1604977199999, 31621174.88958489, 40174, 1043.82899600, 16052319.71614419, 0
1604977200000, 15339.14000000, 15357.69000000, 15254.21000000, 15334.91000000, 2201.80986600, 1604980799999, 33696002.16499061, 41194, 1044.79753800, 15988927.42333219, 0
1604980800000, 15334.91000000, 15417.49000000, 15323.00000000, 15387.50000000, 2118.01038700, 1604984399999, 32552726.41680306, 40053, 1089.87771300, 16753792.29072706, 0
1604984400000, 15387.74000000, 15441.18000000, 15308.21000000, 15357.92000000, 2178.82245300, 1604987999999, 33504778.57848826, 41300, 1021.77921300, 15714106.42429219, 0
1604988000000, 15357.92000000, 15390.18000000, 15247.21000000, 15275.82000000, 2558.92021200, 1604991599999, 39195536.27468747, 40688, 1109.22012900, 16989559.32652694, 0
1604991600000, 15275.83000000, 15333.49000000, 15250.47000000, 15274.74000000, 1981.50038300, 1604995199999, 30310310.95385929, 35304, 958.37131300, 14660423.86970842, 0
1604995200000, 15274.75000000, 15460.00000000, 15261.01000000, 15371.37000000, 3795.21835300, 1604998799999, 58368926.02186533, 55523, 2107.62102800, 32420377.52048818, 0
1604998800000, 15371.36000000, 15440.00000000, 15367.40000000, 15383.84000000, 2253.76636900, 1605002399999, 34703101.00909730, 41417, 986.58133600, 15190977.06580099, 0
1605002400000, 15383.84000000, 15430.00000000, 15302.58000000, 15305.14000000, 2365.38392200, 1605005999999, 36378608.11293391, 48025, 1116.95710600, 17178903.66596185, 0
1605006000000, 15305.15000000, 15323.67000000, 15155.00000000, 15279.24000000, 4014.34054700, 1605009599999, 61214714.45782738, 65654, 1954.01654700, 29797695.54270397, 0
1605009600000, 15279.24000000, 15393.65000000, 15213.00000000, 15287.61000000, 3484.42310000, 1605013199999, 53310596.34871997, 56464, 1696.46582100, 25952126.01670531, 0
1605013200000, 15287.61000000, 15330.00000000, 15179.00000000, 15306.83000000, 3370.99927900, 1605016799999, 51393461.98759936, 52277, 1412.22420600, 21534514.11203444, 0
1605016800000, 15306.84000000, 15308.04000000, 15238.01000000, 15239.49000000, 882.07065300, 1605020399999, 13472265.85121196, 12280, 391.22025400, 5974532.39363881, 0
